-- phpMyAdmin SQL Dump
-- version 4.9.0.1
-- https://www.phpmyadmin.net/
--
-- Gép: 127.0.0.1
-- Létrehozás ideje: 2023. Feb 27. 14:01
-- Kiszolgáló verziója: 10.4.6-MariaDB
-- PHP verzió: 7.3.8

SET SQL_MODE = "NO_AUTO_VALUE_ON_ZERO";
SET AUTOCOMMIT = 0;
START TRANSACTION;
SET time_zone = "+00:00";


/*!40101 SET @OLD_CHARACTER_SET_CLIENT=@@CHARACTER_SET_CLIENT */;
/*!40101 SET @OLD_CHARACTER_SET_RESULTS=@@CHARACTER_SET_RESULTS */;
/*!40101 SET @OLD_COLLATION_CONNECTION=@@COLLATION_CONNECTION */;
/*!40101 SET NAMES utf8mb4 */;

--
-- Adatbázis: `s62_db`
--

-- --------------------------------------------------------

--
-- Tábla szerkezet ehhez a táblához `iro_profil`
--

CREATE TABLE `iro_profil` (
  `iro_id` int(11) NOT NULL,
  `iro_neve` text NOT NULL,
  `iro_kep` text DEFAULT '.jpg',
  `iro_leiras` text DEFAULT NULL
) ENGINE=InnoDB DEFAULT CHARSET=utf8;

--
-- A tábla adatainak kiíratása `iro_profil`
--

INSERT INTO `iro_profil` (`iro_id`, `iro_neve`, `iro_kep`, `iro_leiras`) VALUES
(1, 'Isaac Asimov', 'isaac-asimov.jpg', 'Isaac Asimov Iszaak Judovics Ozimov néven született 1920. január 2. – New Yorkban, meghalt 1992. április 6.-án, orosz származású amerikai író és biokémikus. Tudományos-fantasztikus és tudománynépszerűsítő művei tették ismertté rendkívül sikeres és kivételesen termékeny írói pályafutása során. Több mint 500 kötetet és nagyjából 90 000 levelet, levelezőlapot írt vagy szerkesztett, művei jelentek meg a Dewey-féle tizedes osztályozás minden főosztályában, kivéve a filozófiát. Asimovot a tudományos-fantasztikus irodalom mesterének ismerik el széles körben. Egyike volt a múlt századi sci-fi három nagy öregjének: A két másik sci-fi klasszikus, akivel együtt Asimov népszerűvé tette a tudományos-fantasztikus irodalmat, Robert A. Heinlein (1907–1988) és Arthur C. Clarke (1917–2008). A bejegyzés alapja: https://hu.wikipedia.org/wiki/Isaac_Asimov'),
(2, 'Leslie L. Lawrence', 'leslie-l-lawrence.jpg', 'Lőrinc L. László, született Szilvásszentmártonban 1939. június 15.-én, orientalista, író, műfordító. Írói álnevei: Leslie L. Lawrence, illetve Frank Cockney. Magyarország legsikeresebb kortárs írója az eladott példányszámok alapján. Írói tevékenységét ifjúsági regények írásával kezdte. Igazán népszerű íróvá azonban a nyolcvanas évek elejétől megjelenő tudományos fantasztikus regényei, valamint a Galaktika folyóiratban megjelent sci-fi novellái tették. Ezeket a Lőrincz L. László néven megjelentetett műveket Galaktika-díjjal és Arany Meteor-díjjal jutalmazták. Leslie L. Lawrence írói álnéven kiadott első munkája, a Sindzse szeme hozta meg számára az országos népszerűséget. E néven publikált, többségében keleti tárgyú kalandregényeiben ötvöződik a biztonsággal kezelt tudományos ismeretek és a kutatások során felhalmozott tapasztalatok ismeretterjesztő szándéka, valamint a fordulatos, izgalmas, kalandos cselekmény. E kettősség – a tudományos háttér és az élvezetes olvasmányosság – adja e művek igazi értékét.'),
(3, 'J. K. Rowling', 'j-k-rowling.jpg', 'Joanne Kathleen Rowling - J. K. Rowling született Chipping Sodbury, Anglia, 1965. július 31.-én, angol írónő, a Harry Potter-sorozat írója. Írói álneve: Robert Galbraith. 1990 nyarán sokat utazott a Manchesterből Londonba tartó vonaton, és ekkor fogalmazódott meg benne az ötlet egy fiúról, aki varázsló, de nem tud róla, és varázslóiskolába fog járni. Az egész történet kristálytisztán megszületett a fejében. Mikor négy órával később leszállt a vonatról a King’s Cross pályaudvaron, már több karaktert és helyszínt is kitalált. A történeten az ebédidejében dolgozott, pubokban és kávéházakban. Közben rövid történeteket és két máig kiadatlan felnőtteknek szóló novellát is írt, de ideje nagy részében a Harry Potter-történetekkel foglalkozott. Rowling lányával egész napját egy kávéházban töltötte, itt fejezte be Harry Potter történetét. Nehéz helyzetében a Skót Művészeti Tanácstól kért támogatást, amit meg is kapott, mikor a könyvét befejezte. Ezután nekilátott kiadót keresni, de sorban utasították el, a többség arra hivatkozott, hogy a könyv cselekménye miatt nem illik az ifjúsági irodalom sorába, ráadásul a megszövegezést és a cselekményszálat is túlzottan bonyolultnak találták. A könyv 1997 júniusában jelent meg Angliában. Az írónő sokáig azt gondolta, hogy nem fogják felfedezni. Tévedett: 1997-ben elnyerte a British Book Awards Children\'s Book of the Year és a Smarties Book Prize Gold Medal for ages 9–11 díjakat. Néhány hónappal később a Bologna Children\'s Book Vásáron, Arthur Levine, a Scholastic Books szerkesztő-igazgatója megvásárolta az amerikai kiadási jogokat . Az írónő ekkor felmondta tanári állását, hogy minden idejét a Harry Potter-sorozat írásának szentelhesse. Az USA-ban a könyv 1998 szeptemberében jelent meg Harry Potter and the Sorcerer\'s Stone címen.'),
(4, 'Agatha Christie', 'agatha-christie.jpg', 'Agatha Christie, született Torquay, 1890. szeptember 15én, meghalt Wallingford, 1976. január 12.-én angol írónő, „a krimi koronázatlan királynője”. Mary Westmacott álnéven romantikus regényeket is írt, de az utókor számára inkább mintegy 80 detektívregénye és nagy sikereket arató West End-i színpadi darabjai miatt emlékezetes. A Guinness Rekordok Könyve szerint William Shakespeare könyvei és a Biblia után Agatha Christie könyveit adták ki a harmadik legnagyobb példányszámban az egész világon. Színpadi darabja, a The Mousetrap (Egérfogó) tartja az első előadást követően a leghosszabb időn át játszott előadás rekordját: elsőként 1952-ben mutatták be az Ambassadors Theatre-ben Londonban, és még ma is (2017) játsszák.'),
(5, 'Stephen King', 'stephen-king.jpg', 'Stephen Edwin King (Richard Bachman néven is publikál) (Portland, Maine, 1947. szeptember 21. –) amerikai író, a jelenkor egyik legolvasottabb szerzője, akit az úgynevezett popkultúra első számú írójaként szoktak emlegetni. Negyvennél is több nyelvre lefordított művei több mint 400 millió példányban keltek el világszerte, a legtöbb művét több-kevesebb sikerrel meg is filmesítették.'),
(6, 'Bartos Erika', 'bartos-erika.jpg', 'Bartos Erika (Budapest, 1974. február 7.–) magyar író, építészmérnök. Többek között a Bogyó és Babóca, valamint Anna, Peti és Gergő könyvsorozatok írója. Meséivel megnyugtató, harmonikus világot közvetít, nevéhez sok gyermekkönyv fűződik, történeteit maga illusztrálja. Verseit több zenekar is megzenésítette. Bogyó és Babóca sorozatából rajzfilm is készült, mely a rendszerváltás óta az első magyar animációs mesesorozat. Pályája kezdetétől fogva aktívan foglalkozik speciális szükségletű, vagy súlyos betegségben szenvedő gyermekekkel. Művei több nyelven megjelentek, meséinek egy része Braille nyomtatásban és jelnyelven is elérhető.'),
(7, 'Nemere István', 'nemere-istvan.jpg', 'Nemere István (Pécs, 1944. november 8. –) író, műfordító. Rendkívül termékeny író, 2018-ig több mint 700 könyve jelent meg magyar nyelven (ez átlagban évi több mint 18 könyvet jelent), mely magyar rekordnak számít. Műveinek eladási példányszámai megközelítik a tizenegymilliót. Főleg sci-fi könyvei és paranormális jelenségekkel foglalkozó művei tették ismertté, de több más műfajban is publikál. Számos nyelven adták ki műveit, köztük perzsául és eszperantóul is. Az 1990-es években kétszer egymásután megválasztották a Nemzetközi PEN Club eszperantó csoportja elnökének, aminek alapján a Svéd Akadémiánál javaslatot tehet valakinek irodalmi Nobel-díjra való jelölésére. A Magyar Írószövetségbe viszont nem vették fel. Bevallása szerint tartózkodik az élvezeti szerektől (alkohol, dohányzás és egyéb drogok) és munkamániás. Megrögzött optimista és kerüli a politikát.'),
(8, 'Rejtő Jenő', 'rejto-jeno.jpg', 'Rejtő Jenő (született Reich, írói álnevei: P. Howard, Gibson Lavery) (Budapest, Erzsébetváros, 1905. március 29. – Jevdakovo(wd), Kamenkai járás, Voronyezsi terület, oroszországi megszállt övezet, Szovjetunió, 1943. január 1.) magyar író, kabaré- és színpadi szerző, forgatókönyvíró, a magyar szórakoztató irodalom népszerű képviselője és megújítója. Legismertebb művei látszatra ponyvaregények, azonban életművét ma már nagyra értékelik. Kamaszkorában verseket írt (ezeket nem publikálta), majd 1928-tól komor hangulatú novellákat adott közre a napisajtóban. Az 1930-as évek elején kabarédarabokkal és bohózatokkal jelentkezett a pesti színpadokon. Ezzel egyidőben füzetes ponyvákat, majd operetteket, végül – részben külföldi utazásai során szerzett élményeire támaszkodva – kalandregényeket alkotott. Sajátos stílusát egyéni, groteszk, nyelvi humor és „váratlan abszurd fordulatok, szürreális, gyakran kispolgári figurák és a társadalom fanyar humorba csomagolt kritikája” jellemezte. Legnagyobb sikereit P. Howard álnéven írott ponyvaparódiáival aratta, olvasottsága[3] a Kádár-korban Jókai Móréval vetekedett. A pesti művészi élet ismert alakja volt, barátság fűzte a kor jelentős művészeihez, így például Karinthy Frigyeshez, Kabos Gyulához, Salamon Bélához, Latabár Kálmánhoz is.'),
(9, 'Nora Roberts', 'nora-roberts.jpg', 'Nora Roberts (eredeti nevén: Eleanor Marie Robertson) (Silver Spring, Maryland, 1950. október 10. –) amerikai írónő. Négy bátyja van, és ezért jól ismeri a férfiakat. Valósághűen tudja ábrázolni jellemvonásaikat, gondolkodásmódjukat. Katolikus iskolába járt, majd fiatalon, 1968-ban hozzáment Ronald Aufem-Brinke-hez, és a Maryland állambeli Keedysville-be költözött, ahol jogi titkárnőként dolgozott. Második férje, Bruce Wilder, akit akkor ismert meg, amikor megbízta őt egy könyvespolc megépítésével. 1985 júliusában házasodtak össze. Első házasságából két gyermek született, mindkettő fiú, második házasságából pedig három.'),
(10, 'Szabó Magda', 'szabo-magda.jpg', 'Szabó Magda (Debrecen, 1917. október 5. – Kerepes, 2007. november 19.) Kossuth-díjas magyar író, költő, műfordító, a Digitális Irodalmi Akadémia alapító tagja. Az eredetileg költőként induló Szabó Magda 1958 után már regény- és drámaíróként tért vissza. A Freskó és Az őz című regények hozták meg számára az országos ismertséget. Ettől fogva szabadfoglalkozású íróként élt. Számos önéletrajzi ihletésű regényt írt, az Ókút, a Régimódi történet és a Für Elise saját és szülei gyermekkorát, valamint a 20. század elejének Debrecenjét mutatja be. Sok írása foglalkozik női sorsokkal és kapcsolataikkal, például a Danaida vagy a Pilátus.'),
(11, 'Berg Judit', 'berg-judit.jpg', 'Berg Judit (Budapest, 1974. január 28. –) József Attila-díjas író. Az Eötvös Loránd Tudományegyetem Bölcsészkarán szerzett magyar–angol szakos tanári diplomát és drámatanári végzettséget. Közben egykori általános iskolája színházszakkörének írt darabokat, részt vett a rendezésben, vándortáborba kísérte a gyerekeket, angolt tanított. Az egyetem utolsó évétől az angoltanítás mellett nyelvi lektorként és fordítóként működött. Közben megszületett legnagyobb lánya, Lilla. Az első meséket neki találta ki. Amikor újra dolgozni kezdett, újságírónak állt: főleg kultúrával kapcsolatos cikkeket, interjúkat, riportokat készített. Később még három gyermeke született: Bori, Dalma és Vilmos. Ők ihletik meséit. Több mint húsz könyve jelent meg magyarul, egy németül és a Rumini első kötete szerb és orosz nyelven.'),
(12, 'Wass Albert', 'wass-albert.jpg', 'Gróf szentegyedi és cegei Wass Albert (Válaszút, 1908. január 8. – Astor, Florida, 1998. február 17.) erdélyi magyar író és költő. A magyar irodalom egyik legellentmondásosabb alakja; a hivatalos irodalomtörténet mintha tudomást se venne róla, miközben mások a legnagyobbak között emlegetik. Masszív, politikai felhangoktól sem mentes kultusz alakult ki körülötte mind Erdélyben, mind Magyarországon. Egyik leghíresebb könyve a Kard és kasza, amelyben több generáción keresztül tekinti át a magyar történelmet, 1050-től egészen a jelenkorig, a saját, ősi nemzetségének történetén keresztül. Wass Albert 1944-től Németországban, majd 1952-től haláláig az Amerikai Egyesült Államokban élt. Nicolae Ceaușescu zsarnoksága éveiben Romániában betiltották a könyveit,[1] 1985 őszén pedig értesítést kapott az Interpoltól, hogy a „Kárpátok Géniusza” diplomatának álcázott Securitate-ügynököket küldött át az Amerikai Egyesült Államokba washingtoni nagykövetségük és clevelandi konzulátusuk mellé. Az értesítés szerint „Ezeknek egyik feladata az, hogy engem eltegyenek láb alól\" – írta Wass Albert.'),
(13, 'J.R.R. Tolkien', 'j-r-r-tolkien.jpg', 'J. R. R. Tolkien, teljes nevén John Ronald Reuel Tolkien (Bloemfontein, Oranje Szabadállam, 1892. január 3. – Bournemouth, Anglia, 1973. szeptember 2.) angol író, filológus, egyetemi professzor, festő, az egyetemes irodalomtörténet egyik legolvasottabb, egyik legelismertebb és egyik legnagyobb hatású alakja. A tudományos életen kívül leggyakrabban A Gyűrűk Ura, valamint az ezt megelőző A hobbit (Szobotka Tibor eredeti fordításában A babó) szerzőjeként ismerik. Középfölde eredetével és történelmével foglalkozó könyve, A szilmarilok szintén igen ismert. E művek folyamatos és időtálló népszerűsége alapozta meg Tolkien hírnevét a modern fantasy atyjaként. Kevéssé ismert művei közé tartoznak A sonkádi Egyed gazda, A woottoni kovácsmester, a Bombadil Toma kalandjai, valamint a Kóborló és a varázsló című, prózai vagy verses mesék, utóbbi történeteket főként gyermekeinek írta. Ezeken túl számos tudományos munkája kapcsolódik a Beowulf, Sir Gawain és a Zöld Lovag témákhoz. Az „Inklings” („Tintafiak”) irodalmi vitakörhöz tartozott és közeli barátságban állt C. S. Lewis-szal, a Narnia krónikái szerzőjével. Életművét halála után legkisebb fia, Christopher Tolkien gondozta, aki apja hagyatékát szerkesztve számos könyvet adott ki 2020-ban bekövetkezett haláláig.'),
(14, 'Benedek Elek', 'benedek-elek.jpg', 'Benedek Elek (Kisbacon, 1859. szeptember 30. – Kisbacon, 1929. augusztus 17.) magyar újságíró, író, országgyűlési képviselő, „a nagy mesemondó”. Bölcsésztanulmányait Székelyudvarhelyen, majd Budapesten végezte. Diákkorában néprajzi gyűjtőútra ment Sebesi Jóbbal, majd újságíró lett. Az ifjúság számára készült mese-átdolgozásait tartalmazó Ezüst Mesekönyv és Arany Mesekönyv - amelyek főként az Az Ezeregyéjszaka meséinek és a Grimm fivérek meséinek átiratai voltak – tucatnyi új kiadásaival, újabb átdolgozásaival évtizedeken át a legfőbb és legjobb magyar mesekönyvek voltak. Verseket, színdarabokat, leányregényeket, történelmi és irodalomtörténeti műveket is írt. Mint meseíró, a magyar gyermekirodalom egyik megteremtője. Ifjúsági írásaival, szerkesztői működésével az élen járó pedagógusok között foglal helyet.'),
(15, 'Márai Sándor', 'marai-sandor.jpg', 'Márai Sándor, eredeti nevén márai Grosschmid Sándor Károly Henrik (Kassa, 1900. április 11. – San Diego, 1989. február 21.) magyar író, költő, újságíró. Márai életútja az egyik legkülönösebb a 20. századi magyar írók között. Már az 1930-as években korának egyik legismertebb és legelismertebb írói közé tartozott. Amikor azonban 1948-ban elhagyta hazáját, tudatosan és következetesen kiiktatták műveit a hazai irodalmi életből, és haláláig a nevét is alig ejtették ki. Ez nemcsak emigráns létének és bolsevizmusellenességének tudható be, hanem annak is, hogy ő volt a magyar polgárság irodalmi képviselője, s erről az osztályról sokáig semmi jót sem lehetett állítani. Márai azonban a klasszikus polgári eszményeknél értékesebbet nem talált, így kötelességének tartotta, hogy ezeknek adjon hangot műveiben. Az 1980-as években már lehetővé válhatott volna munkáinak hazai kiadása, de ő megfogadta, hogy amíg Magyarországon megszálló csapatok tartózkodnak, s nem lesz demokratikus választás, addig semminek a kiadásához és előadásához nem járul hozzá. Életműsorozatának újra kiadása halála után, 1990-ben indult el. Ugyanebben az évben posztumusz Kossuth-díjjal jutalmazták.'),
(16, 'Janikovszky Éva', 'janikovszky-eva.jpg', 'Janikovszky Éva (született Kucses) (Szeged, 1926. április 23. – Budapest, 2003. július 14.) Kossuth-díjas és József Attila-díjas író, költő, szerkesztő. Első kötetét 1957-ben adták ki; ezt Kispál Évaként jegyezte. A könyvet 32 további követte, amelyek összesen 35 nyelven jelentek meg. Témájuk a felnőtt-gyermek kapcsolat, sajátosan mindennapi élményeivel és konfliktusaival. Írt filmforgatókönyvet, dolgozott hetilapoknak, folyóiratoknak, gyakran szerepelt a televízióban, rádióban. Több könyvéből készült rajzfilm, több gyermekeknek szóló tévéjátékát sugározták. 1960-ban, a Szalmaláng című regényén szerepelt először a Janikovszky Éva név. Az évtized végére országszerte ismert lett. Hangja, ábrázolásmódja, világa összetéveszthetetlen másokéval. Írói világában fontos helyet kap az őszinteség, a barátság, a közösség, a munka, a játék. Még akkor is, ha nem gyerekeknek, hanem felnőtteknek, illetve az idősebbeknek szerez kellemes perceket szavaival. Kimeríthetetlen témája a felnőtt-gyerek kapcsolat, a mindennapi élet – sajátosan mindennapi élményeivel és konfliktusaival. Nála a lemeznek (vagy ha úgy tetszik, az éremnek) mindig két oldala van, ezért a gyerek és a felnőtt problémáival egyaránt foglalkozik.'),
(17, 'Mikszáth Kálmán', 'mikszath-kalman.jpg', 'Mikszáth Kálmán (Szklabonya, 1847. január 16. – Budapest, Józsefváros, 1910. május 28.) magyar író, újságíró, szerkesztő, országgyűlési képviselő, a Magyar Tudományos Akadémia levelező tagja, a Kisfaludy Társaság és Petőfi Társaság rendes tagja, a Budapesti Egyetem tiszteletbeli bölcsészdoktora. Írói pályája nehezen indult, mivel stílusa, eredetisége elütött korának megszokott normáitól, ezért a szerkesztők az írásaiból sok részt egyszerűen kihúztak. 1874-ben jelent meg első önálló műve, az „Elbeszélések”, két kötetben, de nem kapott komolyabb figyelmet. Pár évig különböző napilapoknál dolgozott, azonban sikertelensége miatt elkeseredve, 1878-ban Szegedre ment, és a Szegedi Naplónál helyezkedett el újságíróként. Ott aratta első írói sikereit: az 1879-es szegedi árvíz és az ezután következő királyi biztosi korszak hálás témákkal szolgált neki. Karcolataiban a biztosi tanácsot csipkedte, s megörökítette Tisza Lajos és munkatársainak alakját. A Pesti Hírlaphoz került, eleinte néhány mellékesebb rovatot vezetett, de alig fél év múltán karcolataival annyira megkedveltette magát a lap olvasóival, hogy Jókai Mór mellett az egyik legkeresettebb szerző és humorista lett. Hírlapi cikkeit nagyobbrészt neve jelzése nélkül, igen gyakran Scarron, illetve sok más egyéb álnévvel is jegyezte. 1882-ben Mikszáth kiküldött tudósítóként követte végig a híres tiszaeszlári vérvád per tárgyalásait, komoly oknyomozói munkát végezve „megkeresett filoszemitát, antiszemitát, dzsentrit, polgárt és parasztot, megpróbált elfogulatlanul tudósítani a perről”, melyért az egyik oldal antiszemitának a másik zsidóvédőnek bélyegezte.'),
(18, 'Móra Ferenc', 'mora-ferenc.jpg', 'Móra Ferenc (Kiskunfélegyháza, 1879. július 19. – Szeged, 1934. február 8.) író, újságíró, muzeológus, a „tiszteletbeli makói”. Móra István testvéröccse, Móra László költő nagybátyja. Szegényparaszt családból származott, apja Móra Márton foltozó szűcslegény, majd szűcsmester, anyja Juhász Anna kenyérsütő asszony volt. Pályáját versírással kezdte (Az aranyszőrű bárány, elbeszélő költemény, Szeged, 1902; Szegénysoron, Szeged, 1905), később is írogatott verseket (Könnyes könyv, Budapest, 1920). Elbeszéléseiben és regényeiben a parasztság kiszolgáltatottságának egyik legérzékenyebb ábrázolója volt. Szépprózáját kitűnő mesélőkészség, higgadt humor és az élőbeszédhez közelálló világos stílus jellemzi. Mint publicista játékosan, ironikus irányban is bátran bírálta a Horthy-korszak társadalmi igazságtalanságait és visszásságait. Ennek adott hangot a Hannibál feltámasztása c. regényében, amely az író életében önállóan nem jelenhetett meg, csak 1955-ben adták ki Szegeden, azonban ez nem az eredeti teljes szöveg volt, hanem cenzúrázott változat, amely több mint 200 változtatást – természetesen nem az író szándékai szerinti változtatást – tartalmazott.'),
(19, 'Bártfai Barnabás', 'bartfai-barnabas.jpg', 'Bártfai Barnabás (Dombóvár, 1969. február 24. –) szakkönyvíró. 1986-tól még iskola mellett kezdett el cikkeket írni az akkori Mikroszámítógép Magazin részére, amelynek később a diákrovatát szerkesztette. Első munkahelye 1987-től a Számalk szervizrészlege volt, majd 1988-tól a Számalk Könyvkiadóban számítógépes kiadványszerkesztéssel foglalkozott. 1990-től szellemi szabadfoglalkozásúként kiadványszerkesztésből és számítógépes grafikából élt. 1991-től 1999-ig a Magyar Posta Oktatási Központjában informatikát tanított. Középiskolában, főiskolán, különféle képzéseken és tanfolyamokon is oktatott. 2002-től a BBS-INFO Kiadó ügyvezetője és az informatikai szakkönyvírás meghatározó szereplője. Nevéhez köthető az első magyar szerzőtől származó hétköznapi embereknek szóló számítástechnika könyv, amely 1992-ben jelent meg „Hogyan kezdjem” címmel. Azóta kb. 80 könyve jelent meg, illetve számos könyvben szerkesztőként vagy lektorként működött közre. Könyvei a szakmai sikerlisták élén vannak, köszönhetően közérthető fogalmazásmódjuknak. A „Hogyan használjam” c. könyvét évekig tankönyvként is használták, a 2000-es évek elején pedig tízezrek készültek fel az ECDL vizsgákra a könyveiből. A „Sosem késő” című könyve nagy támasz az idősebb generációnak, mivel kifejezetten azokat a témákat gyűjti össze, amely őket foglalkoztatja, illetve amelyben útmutatóra, tanácsra van szükségük, így hatalmas segítséget jelent azon generációnak, akik nem nőttek be ezeknek az eszközöknek a használatába, de Bártfai Barnabás könyvének, (illetve könyveinek) segítségével ők is bátrabban használhatják már a számítógépet és egyéb modern eszközöket. Regényeit Adam Brown néven is publikálja.'),
(20, 'Philip K. Dick', 'philip-k-dick.jpg', 'Philip Kindred Dick (Chicago, 1928. december 16. – Santa Ana, 1982. március 2.) amerikai sci-fi író, aki a műfajt alapjaiban változtatta meg. Nem tudományos tényekre építette írásainak tematikus alapját, hanem metafizikai alternatívákra. Annak ellenére, hogy már életében olyan személyiségek tisztelték, mint Stanisław Lem, művei nem élveztek nagy publicitást. Egészen haláláig, ami után több regényéből készített sikeres filmet mutattak be, s ez végül maga után vonta megérdemelt elismerését. Műveit legalább 25 nyelvre fordították le. Álmodnak-e az androidok elektronikus bárányokkal? című regénye volt az alapja a Ridley Scott által rendezett Szárnyas fejvadásznak, melyet 1982-ben mutattak be. Műveiben Dick a valóság, az emberiesség és az önazonosság kérdéseit járja körül. A cyberpunk előfutárának tekinthető. Dicknél a cyberpunk olyan témái jelennek már meg egyszerre, mint a társadalom hanyatlása, a mesterséges intelligencia, a való világ és valamiféle virtuális valóság közti elmosódó határ, és legtöbbször visszatérő témája, a paranoia. Hugo-díjas regénye, Az ember a fellegvárban, élen járt az alternatív történelmi regények és a tudományos fantasztikum összekapcsolásában. Számos regénye mellett rengeteg novellát is írt, melyeket jobbára ponyvamagazinokban publikált. Jó néhány nem tudományos-fantasztikus témájú könyv szerzőjeként is ismert. Műveinek jellegzetesen visszatérő motívumai, amikor egy karakter ráébred, hogy valójában egészen másvalaki, mint amit hitt magáról, illetve, hogy a valóság, melyet eddig elfogadott, tovább nem tartható, és valójában valami egészen más folyik körülötte.'),
(21, 'Horváth Ilona', 'horvath-ilona.jpg', 'Minden idők legnépszerűbb magyar szakácskönyvének szerzője Erdélyben, Brassóban született, 1906-ban. Egyszerű, kedves és szerény ember volt, aki ismerte, szeretettel beszélt róla. Nagyszebenben szerzett magyar-történelem szakos tanítói diplomát, melyet Temesváron gazdasági tárgyak oktatására jogosító diplomával egészített ki. Kezdetben Csíksomlyón és Csíkszeredán tanított, majd a második világháború viszontagságos éveit követően búcsút vett a szülőföldtől, és Törökszentmiklóson telepedett le. Előbb a Gazdasági Iskola igazgatója lett (1945-49), majd 1952-től kezdődően 15 éven át töltötte be a Bercsényi Miklós Gimnázium leánykollégiumának igazgatói tisztségét, miközben főzést és háztartási ismereteket oktatott. Ebben az időben írta meg híres Szakácskönyvét, melynek első kiadása 1955-ben jelent meg. Lehetetlen megmondani, hogy eddig hány kiadást ért meg ez a rendkívül közkedvelt könyv, mert az újabb kötetekben a kiadók már nem jelölték a kiadások számát. Annyi bizonyos, hogy Horváth Ilona Szakácskönyve 1984-ben már a tizenharmadik kiadásnál tartott, s alig volt magyar háztartás, ahol ne lett volna megtalálható legalább egy példánya. Ilonka 1969-ben, 63 évesen halt meg.'),
(22, 'Nógrádi Gábor', 'nogradi-gabor.jpg', 'Nógrádi Gábor (Nyíregyháza, 1947. június 22. –) magyar költő, író, újságíró, hangjáték-, tévéjáték- és filmforgatókönyv-író. Ötéves volt, amikor édesanyja megtanította írni, olvasni. 9-10 éves korától írt verseket, majd később novellákat, humoreszkeket. Érettségi után Budapestre került, s néhány évig technikusként, majd könyvügynökként dolgozott. 1976–1989 között az Új Tükör munkatársa, 1990-től a Kurír főszerkesztő-helyettese, 1991-től főmunkatársa, 1992-től szabadfoglalkozású író. 1998-ban a Tanárnő folyóirat főszerkesztője. 2000-ben az IBBY (International Board on Books for Young People), a Gyermekkönyvek Nemzetközi Tanácsa az év legjobb ifjúsági könyvének járó díjjal tüntette ki PetePite című gyermekkönyvét. 2013-ban a könyvhét nyitónapján adták át az IBBY Év Gyermekkönyve 2012 díjait. Nógrádi Gábor több évtizedes írói munkássága elismeréséül életműdíjat vehetett át.'),
(23, 'Krúdy Gyula', 'krudy-gyula.jpg', 'Szécsénykovácsi Krúdy Gyula (Nyíregyháza, Osztrák–Magyar Monarchia, 1878. október 21. – Budapest, Óbuda, Magyar Királyság, 1933. május 12.) író, hírlapíró, a modern magyar prózaírás kiváló mestere. Gyakrabban használt álnevei: Ábrándi, Alföldi remete, Balatoni remete, Fráter Julius, Gyula bácsi, Jó barát, Kuruc levente, Mélacsai, Mézes­kalácsi, Nők öreg híve, Óbudai remete, Pletykási, Régi ablakok alatt sétáló, Rezeda úr, Rezeda Marcell, Szigeti harkály, Szigeti remete, Szigeti sétáló, Szindbád, Templárius, Török Gedeon. A nemesi származású szécsénykovácsi Krúdy család sarja. Apja, Krúdy Gyula (1850-1900) dzsentri, jómódú ügyvéd, városi képviselő, kisnemesi gyökerekkel, anyja, Csákányi Julianna, a Krúdy család cselédje, alacsonyabb származású volt. Csak tizedik gyermekük születése után, 1895-ben kötöttek házasságot. 1892-ben diáktársaival megalapította a Nyíregyházi Sajtóirodát. Ebben az évben jelent meg első novellája a Szabolcsi Szabadsajtóban. 1893-ban riportsorozatot készített a Pesti Naplóban a hipnózis-tragédiáról. 1895-ben a Debreceni Ellenőr, majd három hónap múlva a nagyváradi Szabadság munkatársa lett, riporter és korrektor. 1896 májusában elhagyta Nagyváradot, hazament, majd Budapestre költözött. Szeptemberben a Képes Családi Lapok novellapályázatán első díjat nyert. 1897-ben havonta 7-8 novellája jelent meg. Az Egyetértésbe és a Fővárosi Lapokba dolgozik. Megjelent első novelláskötete, az Üres a fészek.'),
(24, 'Lee Child', 'lee-child.jpg', 'James Dover Grant („Jim” Grant), írói álnevén Lee Child, (Coventry, 1954. október 29. –) angol író, New York-i feleségével New York államban él 1998 óta. Első regénye (angol címe: Killing Floor, magyarul Elvarázsolt dollárok címmel jelent meg), megnyerte az Anthony-díjat és a Barry-díjat a „Legjobb első regény” kategóriában. Lee Child minden regénye egy egykori amerikai katonai rendész, Jack Reacher kalandjait követi, aki szerte az Egyesült Államokban vándorol. Coventryben született, azonban négyéves korában szüleivel és három másik testvérével Handsworth Woodba, Birminghambe költöztek a gyerekek jobb taníttatása érdekében. A birminghami King Edward\'s School-ba járt. Apja köztisztviselő volt, öccse Andrew Grant, aki szintén író. Munkássága elején olyanok voltak hatással írásaira, mint Alistair Maclean, Enid Blyton és W.E. Johns. 1974-ben, 20 éves korában, (míg Grant a Sheffield-i jogi Egyetemre járt) kezdett el egy színházban különböző háttérmunkákat végezni, azonban nem volt szándéka jogi pályára lépni. Az egyetem elvégzése után egy kereskedelmi televíziónál helyezkedett el.'),
(25, 'Benkő László', 'benko-laszlo.jpg', 'Benkő László (Szombathely, 1952. március 13.), magyar író. A Magyar Írószövetség és a Történelmiregény-írók Társaságának (TRT) tagja. Történelmi regények és neves személyiségekről szóló életregények mellett több lektűr szerzője. Eddig negyvenegy munkája jelent meg. Szombathelyen érettségizett 1970-ben, a Nagy Lajos Gimnázium és Szakközépiskola orosz-latin szakos osztályában, majd 1975-ben elvégezte a Kossuth Lajos Katonai Főiskolát. Az Eötvös Loránd Tudományegyetem Bölcsészettudományi Karának pedagógia szakán szerzett másoddiplomát, 1986-ban. 2004-től kezdte írásait publikálni, a magyar középkorról (honfoglalás, kalandozások kora, tatárjárás) írott történelmi regényei mellett szerzője A Zrínyiek-sorozat két eddigi kötetének. Megjelent modern kori bűnügyi kalandregénye, érzelmes kutyatörténete, valamint két legújabb kori mű, amelyek a második világháborúban olasz hadszíntéren, illetve a rendszerváltás időszakában, német és orosz területeken játszódnak. A fentiek mellett írói álnéven húsz lektűr szerzője, amelyek első kiadásban a Florence-regénysorozatban jelentek meg.'),
(26, 'Karinthy Frigyes', 'karinthy-frigyes.jpg', 'Karinthy Frigyes (született Karinthi Frigyes Ernő) (Budapest, 1887. június 25. – Siófok, 1938. augusztus 29.) magyar író, költő, műfordító. Karinthi Ada festő és illusztrátor öccse, Karinthy Ferenc apja. Édesapja Karinthi József (1846–1921) művelt tisztviselő, a Magyar Filozófiai Társaság alapító tagja. Családneve eredetileg Kohn volt, amit 1874-ben magyarosított Karinthira. 1898 és 1900 között kezdett írni: színműveket, kalandos történeteket, verses meséket, emellett naplót vezetett. Mintegy ezer versét, 10-15 nagyobb zsengéjét, iskolai bukása miatt apja elégette. Tizenöt éves volt, amikor a Magyar Képes Világ folytatásokban közölte a Nászutazás a Föld középpontján keresztül című regényét. Mesterének Jonathan Swiftet vallotta; az Utazás Faremidóba és Capillária című regényei a Gulliver ötödik és hatodik utazása alcímet viselik. 1929-es Láncszemek című novellájában megalapozza a hat lépés távolság elméletét, mely később világhírű lett, főként a vele foglalkozó tudósok és művészek által.'),
(27, 'Liane Schneider', 'liane-schneider.jpg', 'Liane Schneider (1957) egy német gyermekkönyvszerző. A sikeres Bori könyvsorozat szerzője. A kémia és a művészet tanulmányait követően Schneider tanárként dolgozott. Amikor lánya, Cornelia 1990-ben kezdte az óvodát, Liane Schneider megírta az első történetét, és elküldte a kéziratot Carlsen Verlagnek. Schneider alírását követően megjelentették a történeteket, az illusztrációkat Eva Wenzel-Bürger és Annette Steinhauer készíette. A nagy sikert követően megjelentek kötött képeskönyvek is. Időközben 60 könyvet jelentettek meg Németországban, és Liane Schneider évente újabb négy könyvet ír. Összesen több mint 25 millió könyvet adtak már el könyveiből, és a Conni sorozatot 30 másik országban adták ki, köztük Franciaországban ( Conniaz úgynevezett Lola ), Spanyolország ( Berta ), Lengyelország ( Zuzia ) és Törökország ( Elif ). A német kultúra közvetítéséhez a Conni-könyveket az amerikai egyetemeken és Németországban használják a menekültek beilleszkedésére is.'),
(28, 'Urbánszki László', 'urbanszki-laszlo.jpg', 'Urbánszki László (Alberttelep, 1954. augusztus 7. –) magyar faműves, író. 1954-ben született Alberttelepen egy bányászcsalád második gyermekeként. Kazincbarcikán a Ságvári Endre Gimnáziumban érettségizett. Sokat köszön irodalomtanárának (és osztályfőnökének) Hunyady Józsefnének, akinek jókora része volt abban, hogy Urbánszki László olvasásszeretete irodalomírássá nemesedett. Tíz évet hajózott a Dunán, közben hajózó üzemmérnöki diplomát szerzett. 1985-től vállalkozó (batikoló, faműves, író). Kisiskolás korától olvasott szenvedélyesen, de az írással csak 2008-tól kezdett el komolyabban foglalkozni a Karcolat Műhelyben, akkor még De Profundis Clamavi írói néven.'),
(29, 'Jókai Mór', 'jokai-mor.jpg', 'Ásvai Jókay Móric, közismertebb nevén Jókai Mór (Komárom, 1825. február 18. – Budapest, Erzsébetváros, 1904. május 5.) a márciusi ifjak egyike, regényíró, a „nagy magyar mesemondó”, országgyűlési képviselő, főrendiházi tag, a Magyar Tudományos Akadémia igazgató-tanácsának tagja, a Szent István-rend lovagja, a Kisfaludy Társaság tagja, 1876-tól 1903-ig a Petőfi Társaság elnöke, a Dugonics Társaság tiszteletbeli tagja. Jókay Károly és Jókai Eszter öccse.'),
(30, 'Katona József', 'katona-jozsef.jpg', 'Édesapja Katona József takácsmester, édesanyja Borbák Ilona. Elemi iskoláit 1798–1802 között a kecskeméti római katolikus iskolában végezte. Apja 1802-ben Pestre vitte az I. gimnáziumi osztályba; de a sokat betegeskedő fiút szülei az iskolai év végén hazavitték és a II. latin osztálytól kezdve a VI-ig iskoláit Kecskeméten végezte. 1808-ban a filozófiai tanfolyamot (VII. osztály) a szegedi piaristáknál kezdte meg, a második évet is itt folytatta, de ezen tanszakot 1810-ben Pesten fejezte be. Apjának ez időből fiához írt leveleiből nyolc maradt meg (közli Miletz).'),
(31, 'Móricz Zsigmond', 'moricz-zsigmond.jpg', 'Móricz Zsigmond (Tiszacsécse, 1879. július 2. – Budapest, Józsefváros, 1942. szeptember 5.) magyar író, újságíró, szerkesztő, a 20. századi realista prózairodalom egyik legjelentősebb alakja.');

-- --------------------------------------------------------

--
-- Tábla szerkezet ehhez a táblához `kolcsonzes`
--

CREATE TABLE `kolcsonzes` (
  `k_id` int(11) NOT NULL,
  `kp_id` int(11) NOT NULL,
  `tp_id` int(11) NOT NULL,
  `k_kezdet` date NOT NULL,
  `k_lejar` date NOT NULL
) ENGINE=InnoDB DEFAULT CHARSET=utf8;

--
-- A tábla adatainak kiíratása `kolcsonzes`
--

INSERT INTO `kolcsonzes` (`k_id`, `kp_id`, `tp_id`, `k_kezdet`, `k_lejar`) VALUES
(1, 55, 1, '2023-01-11', '2023-01-28'),
(2, 51, 1, '2023-01-16', '2023-01-28'),
(3, 8, 2, '2023-01-11', '2023-01-25'),
(4, 8, 1, '2023-01-31', '2023-01-31'),
(5, 8, 1, '2023-01-31', '0000-00-00'),
(6, 8, 1, '2023-01-31', '2023-02-14'),
(7, 70, 1, '2023-02-16', '2023-03-02'),
(8, 70, 1, '2023-02-16', '2023-03-02'),
(9, 41, 1, '2023-02-27', '2023-03-13'),
(10, 45, 1, '2023-02-27', '2023-03-13');

-- --------------------------------------------------------

--
-- Tábla szerkezet ehhez a táblához `konyv_profil`
--

CREATE TABLE `konyv_profil` (
  `kp_id` int(11) NOT NULL,
  `konyv_cime` text NOT NULL,
  `alcim` text NOT NULL DEFAULT '',
  `kp_leiras` text DEFAULT NULL,
  `iro_id` int(11) NOT NULL,
  `mufaj1` int(11) DEFAULT NULL,
  `kp_kep` text DEFAULT '.jpg',
  `kotelezoolvasmany` tinyint(1) NOT NULL DEFAULT 0
) ENGINE=InnoDB DEFAULT CHARSET=utf8;

--
-- A tábla adatainak kiíratása `konyv_profil`
--

INSERT INTO `konyv_profil` (`kp_id`, `konyv_cime`, `alcim`, `kp_leiras`, `iro_id`, `mufaj1`, `kp_kep`, `kotelezoolvasmany`) VALUES
(3, 'Android zsebkönyv', '', 'Az androidos okostelefonok mára olyannyira részeivé váltak életünknek, hogy számos tevékenységet el sem lehetne képzelni nélküle. Ám nem mindenki abban a korban nőtt fel, ahol ezeknek az eszközöknek a kezelése automatikus volt, így némi útmutatóra van szükségük az Android rendszerű telefonok kiismeréséhez, lehetőségeinek kiaknázásához. Nekik nyújt segítséget e könyv.Néhány fontosabb témakör: Technikai háttér, Az érintőképernyő használata, Beüzemelés, Első lépések, Az Android rendszer kezelése, Adattárolás a telefonban, Az USB port, A Google fiók, Szövegek bevitele, Élőszavas szövegbevitel, Kapcsolatok, Az alkalmazások, Óra és ébresztés, Telefonhívások kezelése, Névjegyek, SMS, E-mailek olvasása és küldése, Böngészés az interneten, Zenék, hangfájlok lejátszása, Fényképek, videók készítése, Számológép, Játékok, Szótár és fordítóprogramok, Navigáció és a Google maps, A kezdőképernyő testreszabása, Alkalmazások telepítése és eltávolítása, Fájlkezelés, Csatlakoztatás asztali számítógéphez', 19, 29, 'android-zsebkonyv.jpg', 0),
(4, 'Beszterce ostroma', '', 'A Beszterce ostroma (1895) Mikszáth egyik legolvasottabb regénye. Nem véletlenül. A groteszk elemeket is hordozó mű, középpontjában egy negatív, mai szóhasználattal élve deviáns hőssel az író időszerűségének ékes bizonyítéka. Nedec várának ura, Pongrácz gróf egy magyar Don Quijote. A 19. században élve hadat üzen saját századának. Középkorias gesztusaival és tetteivel a nevetségességen túl az olvasó együttérzését s szeretetét is kivívja. Ez nem az \"őrülteknek\" kijáró elnéző szeretet, hanem a nagy álmok képviselője iránti rokonszenv. Pongrácz gróf elmeállapota a 19. század mércéjével mérve orvosi eset. De így is környezete és kora fölé magasodik nemegyszer.', 17, 25, 'beszterce-ostroma.jpg', 0),
(5, 'Én, a robot', '', 'A robotika három törvénye1. A robotnak nem szabad kárt okoznia emberi lényben vagy tétlenül tűrnie, hogy emberi lény bármilyen kárt szenvedjen.2. A robot engedelmeskedni tartozik az emberi lények utasításainak, kivéve, ha ezek az utasítások az első törvény előírásaiba ütköznének.3. A robot tartozik saját védelméről gondoskodni, amennyiben ez nem ütközik az első és második törvény előírásaiba.Ezzel a három egyszerű szabállyal Asimov mindörökre megváltoztatta a robotokról alkotott képünket. A sci-fi egyik megkerülhetetlen klasszikusának számító Én, a robot összekapcsolódó történetek füzérében mutatja be a robotok útját a primitív kezdetektől kezdve a nem is olyan távoli jövő tökéletességéig  ahol már jóformán az emberiségre sincsen szükség.A novellákban találkozhatunk őrült, humoros és gondolatolvasó robotokkal, robot politikusokkal és olyan robotokkal, amelyek titkon irányítják a világot, és valamennyi történetet a tudományos tények és a science fiction jellegzetes keveréke jellemzi, a', 1, 4, 'en-a-robot.jpg', 0),
(6, 'Alapítvány', ' trilógia', 'A Galaktikus Birodalom tizenkétezer éve áll fenn békében. Úgy tűnik, a civilizáció virágkorát éli, de ez csak látszat: a matematikus Hari Seldon rámutat, hogy a Birodalom stabilnak hitt rendszere omladozni kezdett, és semmi nem állíthatja meg széthullását. A pszichohistória, az embertömegek viselkedését kutató tudomány segítségével azonban lerövidíthető a bukást követő sötét korszak.Létrejön az Alapítvány, hogy a történelem elkövetkező viharaiban őrizze a civilizáció lángját. Véghez lehet vinni a Seldon-tervet, és fel lehet építeni egy Második Galaktikus Birodalmat a régi romjain?Isaac Asimov robottörténeteivel és az Alapítvány-sorozattal örökre beírta magát a science fiction klasszikusai közé. Bár a trilógia közel hetven éve jelent meg először, máig olvasók millióinak meghatározó élménye. Generációk nőttek fel rajta, és írók, tudósok tucatjaira hatott. Majdnem ötven évvel az eredeti magyar megjelenés után új fordításban, javított formában, mégis az eredeti kiadások szellemiségében, ö', 1, 17, 'alapitvany.jpg', 0),
(7, 'Szent péter esernyője', '', 'Meghalt Gregorics Pál, az öreg, magányos különc, s legendás vagyont hagyott hátra. Legalábbis így tudta a város – Beszterve –, s így hitték a meghalt nábob fivérei is. Mohó kincsvággyal csaptak le az örökségre – hanem a vélt aranyhegy helyén nem találtak semmit. Hová lett a csehországi uradalom, hová a vagyon? Eltűnt, nyoma veszett, mintha soha nem is lett volna. Pedig volt! Wibra György, a neves, fiatal besztercei ügyvéd, Gregorics szolgálójának fia nyomra lel: az öregúr minden vagyonát egy bankutalvánnyá alakította át azért, hogy kapzsi fivérei rá ne tehessék a kezüket – az utalványt pedig neki szánta. Elindul, hogy megkeresse örökségét, de értékesebb kincset talál: egy leány szerető szívét. Wibra Gyuri és Bélyi Veronka könnyes-mosolygós szerelmének története Mikszáth egyik legkedvesebb, legromantikusabb műve...', 17, 25, 'szent-peter-esernyoje.jpg', 1),
(8, ' A fekete város', '', 'Az utolsó Mikszáth regény (1910) több társához hasonlóan korabeli feljegyzésekből bontja ki a nagy ívű mesét, mely ezúttal a Thököly-Rákóczi felkelések határolta időben játszódik. Bár nem ütközetekről, győzelmes, vagy éppen vesztes csatákról szól, méltán tekinthetjük történelmi regénynek abban az értelemben, hogy rengeteg ismeretet ad át a korról. Görgey Pál szepesi alispán és Lőcse városa évekig húzódó viszálykodásának, valamint Görgey leánya, Rozália és egy később bíróvá avanzsált lőcsei fiatalember szerelmének története fut párhuzamosan a regényben. A két szál át- meg átszövi egymást, és a mese tragédiába torkollik.Mikszáth szövege sugározza az idős író bölcsességét, ahogy az egyes ember gyarlóságát, az embercsoportok manipulálhatóságát és a politikacsinálók kisszerű motivációit az irónia görbe tükrében vetíti elénk, hogy remekül szórakozzunk, miközben titokban magunkra és saját korunkra ismerünk. Székhelyi József remek előadása ezt az ironikus hangvételt csak kiemeli. 21 óra szórak', 17, 25, 'fekete-varos.jpg', 0),
(9, 'Robotok és birodalom ', '', 'Gladia Delmarre szülőbolygója, a Solaria elnéptelenedett, az emberek elhagyták, de a robotok azután is ott maradtak. Amikor a telepes világok kereskedői ismét felkeresik a bolygót, Solaria robotjai gyilkolásba kezdenek, fittyet hányva ezzel a robotika három alaptörvényére. Gladia robotjai, Daneel és Giskard a múltban lényeges szerepet játszottak abban, hogy a Naprendszer mögötti világokat megnyitották a földi telepesek előtt. Most viszont még ennél is nagyobb kihívással találják szembe magukat: a robotika három törvénye megsemmisül, vagy egy új szupertörvényt kell létrehozni, ami békét hoz a galaxisban. A két robot Gladiával és D. G. Baley-vel  a telepes kereskedők kapitányával, aki a robotok nagy barátjának Elijah Baley-nek a leszármazottja  együtt elutazik a Solariára, ahol felfednek egy baljós titkot, amely magának a Földnek a létét fenyegeti.', 1, 17, 'robotok-es-birodalom.jpg', 0),
(10, 'Álmaim asszonya', '', 'Debby O\'Hara átlagos amerikai tinédzserlány, egy kisváros középiskolájának tanulója. Semmiben sem különbözik a többi, hasonló korú lánytól, talán csak abban, hogy éjszakánként egy álombéli asszony látogatja, aki furcsa, régimódi ruhát visel, és érthetetlen, idegen nyelven beszél hozzá. Amikor szüleihez fordul, azok zavartan viselkednek, mintha titkot rejtegetnének. Közben sorozatgyilkos szedi áldozatait a környéken, aki Debbyre is kiveti a hálóját. Az álombéli asszony ekkor közbeavatkozik.', 2, 16, 'almaim-asszonya.jpg', 0),
(11, 'Ördögtojások i-ii', '', 'Leslie L. Lawrence kétszáz éves múmiák után nyomoz Svájcban, ahol már többször is szembekerült a vérfarkassal. Frau Ebner fogadóját gyanús alakok lepik el: Leslie L. Lawrence-en kívül például Herr Kuster, aki tataroztatni óhajt egy omladozó kísértetházat; Fräulein Mironova, aki néha boszorkánynak adja ki magát (talán az is!); egy vándorkedvű halott (kocsiból ki, kocsiba be!); Fräulein Weisswein (aki zsaru is meg nem is); egy rejtélyes térkép (az is három darabban) és frissen festett fatojások; valamint titokzatos események minden mennyiségben.Hősünk pókhálóba ragad (erről kiderül, hogy vattacukor!); a felsoroltak többségét gyilkossággal gyanúsítja (nem is egészen alaptalanul); végül bemerészkedik az orosz házba, ahol II. Miklós cárral és rossz szellemével, Raszputyinnal találkozik  száz évvel a haláluk után. És ez még csak a kezdet', 2, 31, 'ordogtojasok-i-ii.jpg', 0),
(12, 'Kincskereső kisködmön', '', 'A Kincskereső kisködmön Móra Ferenc nagy sikerű ifjúsági regénye, melyet 1918-ban írt saját gyerekkori élményei felhasználásával. A regény általános iskolában kötelező olvasmány. Először a Singer és Wolfner Irodalmi Intézetnél jelent meg 1918-ban, Mühlbeck Károly rajzaival. A könyv elején megismerkedhetünk az íróval, a gyermekkorával, s az egész életével tömören. A történet végén az író egy mondattal zárja le a regényt: A szeretet az élet', 18, 7, 'kincskereso-kiskodmon.jpg', 0),
(13, 'Dióbél királyfi', '', 'Mikor Dióbél megszületett, nagyon kicsi volt. Apját azzal csúfolták a szomszédok, hogy nem lesz gondja bölcsőre, megteszi a dióhéj is. Így lett a kisfiú neve Dióbél. Minthogy szülei nagyon szegények voltak, Dióbél a kastélyba került kisinasnak. Innen a falusi kastélyból indult kalandos útjára a kisfiú, aki kicsi termete ellenére is Kossuth katonája lett. A megható történetet Reich Károly rajzai díszítik.', 18, 7, 'diobel-kiralyfi.jpg', 0),
(14, ' Aranyszőrű bárány', '', 'Az Aranyszőrű bárány közismert történet Mátyás király és a hűséges juhász között. A második történet a Paradicsomból kiűzetett Ádám és Éva kínszenvedései, amelyek Jézus születésével szűnnek meg.', 18, 7, 'aranyszoru-barany.jpg', 0),
(15, ' A kútba rejtett szobor kolostora i-ii', '', 'Leslie L. Lawrence Dzsampal kolostorában keresi az elrejtett gtert, a legendás aranyszobrot. Mások is keresik, és gyilkolni is hajlandók érte. Meg is teszik. Többször is, egymás után. Domingos de Carvalho új tetőt épít a kolostorra, Leticia hisztérikus rohamokat kap, Snoopy ennek ellenére elégedetten fütyörészik a nem is igazi folyosón. A gyanús lepcsa nyomódúcokat árul, majd fény derül egy régi kút titkára. Közben Nyömden is kijózanodik, az álarcos szerzetesek pedig eltáncolják a csam táncot. Mindenki örül a boldog végnek, kivéve, akik rossz újjászületést nyertek az istenektől.', 2, 31, 'a-kutba-rejtett-szobor-kolostora-i-ii.jpg', 0),
(16, 'Office 2019', '', 'E könyv segítségével megismerhetjük az Office 2019 programjainak kezelését. A közérthető nyelvezet miatt bátran ajánljuk akár kezdőknek is, de hasznos lehet azok számára is, akik ECDL vagy egyéb vizsgára készülnek, vagy akik a programok további lehetőségeivel kívánnak megismerkedni. A könyvet ajánljuk azok számára is, akik a 2007, 2010, 203, vagy 2016-os verziót használják, mivel a kezelés tekintetében csak minimális a különbség. Bár az Office 2019 csak pár új funkciót kapott az előző verzióhoz képest, viszont a lényeg a forma mögött van, például mindegyik alkalmazásból elérhetők a 3D-s alakzatok, az Excel több új függvénnyel és térképdiagrammal is bővült és az SAP import is közvetlen elérhető lett, stb. Jelen könyvben ismertetjük a szövegszerkesztőt, azaz a Word 2019-et, a táblázatkezelőt, azaz az Excel 2019-et, az adatbázis-kezelőt, azaz az Access 2019-et, a prezentációkészítőt, azaz a PowerPoint 2019-et, illetve a levelező, névjegy- és időbeosztás nyilvántartót, az Outlook 2019-et i', 19, 29, 'office-2019.jpg', 0),
(17, 'Számítógéphasználat mindenkinek', ' Windows 10 és office 2016 programokkal', 'Ennek a \"Hogyan használjam?\" c. kiadvány alapján készült könyvnek a segítségével alapszintről elindulva, a számítógép megvásárlásától és első bekapcsolásától kezdve, a különféle felhasználói programok alkalmazásáig mindent megtanulhat. A kiadvány ajánlható mindenkinek, aki meg szeretné tanulni a számítógépek kezelését. Az alapoktól indulva vezeti olvasóját a ma már szinte az általános műveltséghez is hozzátartozó ismereteken át a gyakorlati tudnivalókig. Továbbra is tartottuk magunkat ahhoz a stílushoz, hogy a könyv a kezdő felhasználók számára is könnyedén érthető, követhető legyen és semmiképpen se keltse egy szakmai dokumentáció látszatát. Mottónk az, hogy a felhasználónak ne azt mutassuk meg, hogy egy adott programfunkció mire szolgál, hanem azt, hogy egy elvégezni kívánt tevékenységet, milyen program-funkció segítségével tud ellátni úgy, hogy a megtanultakat a mindennapi életben is kamatoztathassa. (Főbb témakörök: Alapismeretek, Gépkezelés, Programozás-elmélet, Windows 10, Total', 19, 29, 'bt-szamitogep.jpg', 0),
(18, 'Harry Potter és a bölcsek köve ', '', 'Ez a különleges, mardekáros kiadás a Harry Potter és a bölcsek köve megjelenésének huszadik évfordulójára készült. Sok extra tartalommal, amelyek izgalmas újdonságokkal szolgálnak minden boszorkány és varázsló számára. Légy mindig büszke a házadra!Hogyha agyafúrt s ravasz vagy,Ne is tekints másra:A Mardekár való neked.Ott lelhetsz sok társra.A TESZLEK SÜVEG', 3, 7, 'harry-potter-es-a-bolcsek-kove.jpg', 0),
(31, 'Lenn a sivár földön', '', 'Ez a novelláskötet tizenhárom történetet tartalmaz a 20. század egyik legnagyobb sci-fi írójától. Többek közt megtalálható benne élete első eladott novellája (Ruug), valamint olyan megkerülhetetlen klasszikusok is, mint A koponya, Az aranyember és a Fizetség, utóbbiból ráadásul John Woo rendezésében és Ben Affleck főszereplésével népszerű film is készült A felejtés bére címmel 2003-ban.', 20, 12, 'lenn-a-sivar-foldon.jpg', 0),
(32, 'Az utolsó tréfa', '', 'Newer York városa túlélte ugyan a holokausztot, de nagy árat fizetett érte: merev erkölcsi törvények uralják, fürge robotok figyelik az emberek viselkedését, a legkisebb kihágás is személyes katasztrófát vonhat maga után.Allen Purcell ama kevesek közé tartozik, akik szó szerint képesek megváltoztatni a világot, és amikor olyan kormányzati állást ajánlanak neki, ahol a közerkölcs felelőse lehet, elhatározza, hogy változtat, amin csak tud. Ehhez azonban tenni kéne valamit azzal a fejjel a szekrénybenPhilip K. Dick korai regénye lebilincselő és ijesztő tanmese egy olyan társadalomról, amely a rend fenntartása érdekében bármit képes feláldozni, még a saját szabadságát is.', 20, 17, 'az-utolso-trefa.jpg', 0),
(33, 'Jones kezében a világ', '', 'Floyd Jones egy mogorva, esetlen és feltehetően őrült fickó, mégis igen rövid idő alatt lesz vásári mutatványos mutánsból egy egész bolygó vezetője. Ezt két hihetetlen képességének köszönheti: hogy előre látja a jövőt, és hogy képes rávenni az embereket az álmodozásra egy olyan világban, ahol be lett tiltva.A posztnukleáris messiás baljós története Philip K. Dick keze alatt épp annyira aprólékosan realista írás, mint amennyire profetikus. A bizarr mutánsok, hermafrodita szexelőadók és csillagközi lények mellett a regény halálos pontossággal ábrázolja azt a vágyunkat, hogy higgyünk: valamiben, bármiben.', 20, 17, 'jones-kezeben-a-vilag.jpg', 0),
(34, 'Harry Potter és a tűz serlege', '', 'Attól fogva, hogy a Kviddics Világkupa döntője után felizzik az égen a Sötét Jegy, Harry Potter minden lépését veszély kíséri. A negyedik tanév elején a Tűz Serlege őt választja ki a Roxfort képviseletére a legendás Trimágus Tusán, ahol olyan feladatokkal kell megbirkóznia, amelyek a legkiválóbb varázslókat is próbára tennék. A tusa azonban csupán előjátéka egy minden eddiginél kockázatosabb erőpróbának. Little Hangleton ködlepte temetőjében ugyanis a legsötétebb mágia fortyog...A Kate Greenaway-díjjal kitüntetett Jim Kay utánozhatatlan művészi erővel idézi elénk a negyedik Harry Potter-kötet jeleneteit és szereplőit ebben a különleges, illusztrált kiadásban.', 3, 7, 'harry-potter-es-a-tuz-serlege.jpg', 0),
(35, 'Harry Potter és az azkabani fogoly', '', 'A Sötét Nagyúr most erőtlen s magányos. Hívei elfordultak tőle. Szolgája tizenkét éve rabságban senyved. Ma este, még éjfél előtt, a szolga kiszabadul, és visszatér urához. Segítségével a Sötét Nagyúr erőre kap, s hatalma rettentőbb lesz, mint valaha. Harry Potter szokásos rémes vakációját tölti Dursley-éknél, ám a helyzet úgy elfajul, hogy Harry elviharzik a Privet Drive-ról. Így köt ki a Kóbor Grimbuszon, ami elviszi őt abba a világba, ahová egész nyáron vágyott. Az Abszol úton ijesztő hírek járják: az Azkabanból, a gonosz varázslókat őrző rettegett börtönből megszökött egy fogoly. A Mágiaügyi Minisztériumban tudják, hogy a veszélyes szökevény a Roxfort Boszorkány- és Varázslóképző Szakiskolába tart. Harry pedig egy véletlen folytán tudomást szerez róla, hogy az illető az ő nyomát követi.Harry harmadik évét a Roxfortban baljós ómenek kísérik. Egyre inkább feltárul előtte saját múltja, és Voldemort leghűségesebb szolgájával is farkasszemet kell néznie.A Kate Greenaway-díjjal kitüntete', 3, 7, 'harry-potter-es-az-azkabani-fogoly.jpg', 0),
(36, 'Horváth Ilona szakácskönyv', '', 'Horváth Ilona szakácskönyve a magyar gasztronómia alapművévé vált. Generációk tanultak belőle sütni-főzni, s egy időben szinte minden háztartásban fellelhető volt egy-egy féltve őrzött példánya. Az évek hosszú sora alatt aztán eltűnt a szemünk elöl. Most végre újra kezünkben foghatjuk ezt a különleges könyvet, melynek segítségével megismerhetjük és elkészíthetjük a tradicionális magyar konyha remekei', 21, 27, 'nincs.jpg', 0),
(37, 'Horváth Ilona konyhája', 'Linzerek, mézesek, kekszek, muffinok ', 'Válogatásunkban Horváth Ilona klasszikusai mellett gyakorlott háziasszonyok és nagymamák legkedveltebb receptjeit gyűjtöttük egy csokorba. Pelle Józsefné, Máté Pálné, Boda Zoltánné és Tóth Gézáné - Horváth Ilonához hasonlóan - mindannyian a hamisítatlan magyar konyha képviselői, egyúttal kiadónk számos alkalommal bizonyított, legsikeresebb szakácskönyveinek szerzői.', 21, 27, 'nincs.jpg', 0),
(38, 'Horváth Ilona konyhája ', 'Rétesek, fánkok, felfújtak, lángosok', 'Válogatásunkban Horváth Ilona klasszikusai mellett gyakorlott háziasszonyok és nagymamák legkedveltebb receptjeit gyűjtöttük egy csokorba. Pelle Józsefné, Máté Pálné, Boda Zoltánné és Tóth Gézáné - Horváth Ilonához hasonlóan - mindannyian a hamisítatlan magyar konyha képviselői, egyúttal kiadónk számos alkalommal bizonyított, legsikeresebb szakácskönyveinek szerzői.', 21, 27, 'nincs.jpg', 0),
(39, 'A titokzatos stylesi eset', '', 'A titokzatos stylesi eset, Agatha Christie első megjelent műve állítólag egy fogadásnak köszönhetően született, melynek tétje az volt, hogy az olvasó egészen az utolsó oldalakig még csak ne is sejtse, hogy ki lehet a gyilkos. Első méltatóinak egyike szerint az írónő minden bizonnyal megnyerte a fogadást. Az első világháború éveiben írt regényt egy angol kiadó elutasította, ezért New Yorkban jelent meg 1920-ban, éppen száz éve.A váratlan fordulatokban bővelkedő, biztos kézzel megformált és eredeti karaktereket felvonultató cselekmény már azt az Agatha Christie-t állítja elénk, akit későbbi, klasszikussá vált alkotásaiból ismerünk, holott az írónő huszonhat évesen fogott neki e regénynek, és csupán egy azóta már elveszett kezdeti próbálkozás állt a háta mögött.A titokzatos stylesi eset nem utolsósorban azért is jelentős darabja az életműnek, mert itt lép színre Poirot felügyelő, aki a háború elől menekült Angliába.', 4, 8, 'a-titokzatos-stylesi-eset.jpg', 0),
(40, 'Gyilkosság mezopotámiában', '', 'Mit kereshet Poirot felügyelő, ez a híresen kényelem- és tisztaságszerető úriember egy régészeti ásatáson Irakban, ahol a mostoha körülmények aligha teszik kellemessé ott-tartózkodását. Természetesen egy gyilkosság tettesét kell lelepleznie. Nem ezzel a szándékkal érkezett ugyan, de ha már arra jár, nem okozhat nehézséget számára egy újabb rejtély megoldása.Az ásatáson dolgozók jól ismerik egymást, és természetesen el sem tudják képzelni, hogy a gyilkos közöttük lenne. Annál is inkább, mert az áldozat hosszú időn át kapott fenyegető leveleket egykor már halottnak hitt férjétől, így logikusnak tűnik, hogy ezt a jóformán mindenki számára ismeretlen személyt gyanúsítsák. Poirot azonban sohasem kedvelte az ilyen kézenfekvő magyarázatokat.', 4, 8, 'gyilkossag-mezopotamiaban.jpg', 0),
(41, 'Hogyan neveljünk?', 'Én mondom a tutit!', 'Csupán a könyvben található hatvanöt vidám írást kell elolvasnod, és már hozzá is foghatsz a neveléshez. Vagy a nevetéshez.Akarod tudni, hogyan kell megnevelni a játszótársadat, a padszomszédodat, a barátod mamáját, a macskát és a házilegyet? Tudod, hogyan nevelhetjük le magunkat az orrturkálásról, a kézizzadásról, a falánkságról, a tévénézésről, a félelemről és a csúnya beszédről? Szeretnél a tacskóból vérebet, magadból meg kitűnő tanulót nevelni? Vagy talán a családodat akarod átnevelni: a kistestvéredet, a nagybácsidat, a nagymamát? Semmi akadálya. Csupán a könyvben található hatvanöt vidám írást kell elolvasnod, és már hozzá is foghatsz a neveléshez. Vagy a nevetéshez.', 22, 27, 'en-mondom.jpg', 0),
(42, 'Gyerekrablás a palánk utcában', '', 'Ilyet se látott még a világ! Hogy egy nyomozó a gyerekrablók pártjára álljon, őket segítse, és ezzel összezavarja a rendőrséget? Meg egyébként is: milyen detektív az, aki nyomozás helyett focizik, ócskásnak meg kéményseprőnek öltözik, és ezzel szinte őrületbe kergeti szerencsétlen főnökét?Ilyet se látott még a világ! Hogy egy nyomozó a gyerekrablók pártjára álljon, őket segítse, és ezzel összezavarja a rendőrséget? Meg egyébként is: milyen detektív az, aki nyomozás helyett focizik, ócskásnak meg kéményseprőnek öltözik, és ezzel szinte őrületbe kergeti szerencsétlen főnökét? De ez még semmi! A legfurcsább, hogy mi, az olvasók is egyetértünk Hecseki Boldizsárral, és izgatott lelkesedéssel követjük Kondor Lajcsi, az elrabolt kisfiú kalandjait. Pedig a regény ugyanolyan vérfagyasztóan kezdődik, mint a gyerekrablásról szóló történetek általában. A kisfiú eltűnik, a rablók zsaroló levelet küldenek, pénzt követelnek és fenyegetőznek. Továbbá minden szörnyen titokzatos és félelmetes.', 22, 7, 'gyerekrablas.jpg', 0),
(43, 'Emelkedés', '', 'Castle Rock kisvárosában, Stephen King számos ikonikus történetének helyszínén él Scott Carey, az elvált belsőépítész. Monoton mindennapjait leginkább a beérkező munkák mellett a szomszédjába költözött fiatal nőkkel folytatott sikertelen küzdelem töri meg, akiknek a kutyái rendszerint az ő gyepén végzik el a dolgukat. Scott látszólag nem különbözik másoktól, mégis különös dolgok történnek vele. Napról napra egyenletesen veszít a súlyából, és teljesen mindegy, hogy ruhában vagy ruha nélkül, székkel vagy súlyzókkal áll rá a mérlegre, annak nyelve mindig az adott állapotnak megfelelő súlyt mutatja. Scott értetlenül áll a helyzet előtt, de mivel nem akar kísérleti nyúl lenni egy kórházi műtőasztalon, ezért titkáról egyedül barátjának, dr. Bob Ellisnek mesél. Mindeközben a gyepért folytatott harc során kiderül, hogy a szomszédai által működtetett új étterem gondba kerül. Amikor Scott felismeri a nők felé irányuló előítéletet, beleértve a sajátját is, úgy dönt, mindenáron segíteni fog. Scott', 5, 6, 'emelkedes.jpg', 0),
(44, 'Tortúra', '', 'Paul Sheldon sikeríró, a szépkeblű közönség bálványa befejezi legújabb és legjobb regényét, aminek örömére jól beiszik, és kábán autóba vágja magát. Egy veszélyes útkanyarban utoléri az észak-amerikai Sziklás-hegységben nem ritka hóvihar. Isten háta mögötti, magányos tanyaházából bevásárolni indul kisteherautóján Annie Wilkes, a Sheldon-regények könnyes rajongója. Az árokba borult autóroncsban kedvenc szerzőjére ismer, akinek összetört testében alig pislákol az élet. Kihúzza az árokból. Hazaviszi. Életre kelti. Új Sheldon-regényt akar. Csak magának.', 5, 25, 'tortura.jpg', 0),
(45, 'Álmoskönyv', '', 'Krúdy Álmoskönyve ábécérendben ismerteti, mit jelent egy-egy személy vagy tárgy felbukkanása álmainkban. Külön fejezetet szentel a babonáknak, és jó tanáccsal szolgál arra az esetre is, ha kísértetektől szeretnénk megszabadulni. Az író így ajánlotta könyvét: Inkább a saját mulattatásomra, inkább hosszú telek csendes eljátszadozására, esti órák elfuvolázására szerkesztettem ez álmoskönyvet, mint azért, hogy bárki is hitelt adjon a következő soroknak.', 23, 27, 'almoskonyv.jpg', 0),
(46, 'A zsebóra és más novellák', '', 'A Kossuth Kiadó új, tizenhat kötetes sorozata egymás társaságában kínál világirodalmi nagyságokat és magyar klasszikusokat, olvasmányokat a diákoknak, az újraolvasó felnőtteknek, az egykori élményeket fölidéző ínyenceknek. Párban Petőfi és Csáth Géza, Krúdy Gyula és Rejtő Jenő, Arany János és Thomas Mann, Moliére és Karinthy Regények, novellák, drámák, amelyek egy életen át elkísérnek', 23, 20, 'a-zsebora.jpg', 0),
(47, 'összeesküvés', '', 'Négy ember utazik egy autóban. Kelet felé tartanak, azt remélik, Chicagóba érnek reggelre. A sofőr az útra összpontosít. A mellette ülő férfi vég nélkül sztorikat mesél. A hátsó ülésen egy feltűnően szótlan és ijedt nő gubbaszt. Jobbján egy nagydarab férfi, eltört orral, aki stopposként utazik a társasággal. Az ő úti célja Virginia. Jack Reachernek hívják. A hala-dásukat nehezíti azonban, hogy két útzáron is át kell jutniuk, nem sokkal korábban ugyanis egy nebraskai szivattyúállomáson egy férfi vérbe fagyott holttestére bukkantak. Az ügyŹbe azonnal bekapcsolódik az FBI is, és kiadják a körözést: két férfit keresnek egy ismeretlen járműbenLee Child lebilincselően izgalmas krimijében senki és semŹmi nem az, aminek látszik. Az egyre növekvő feszültség, és az egyre sodróbb lendületű történet mindvégig kétségek és izgalmak között tartja nemcsak főhősünket, de az olvasót is, egészen a váratlan és kirobbanó végkifejletig.', 24, 21, 'osszeeskuves.jpg', 0),
(48, ' A titokzatos látogató', '', 'Az amerikai hadseregből leszerelt nők titokzatos körülmények között gyilkosságok áldozatai lesznek. Az FBI pszichopata gyilkosra gyanakszik, mert mindegyik áldozat korábban feljelentést tett szexuális zaklatás miatt. Külsérelmi nyom nincs rajtuk, ezért komoly fejtörést okoz megállapítani haláluk okát. Az FBI erre a nyomozásra a legalkalmasabb személy segítségét akarja igénybe venni. De egy Jack Reachert nem könnyű ismét csőbe húzni. Csellel ráveszik ugyan, hogy segítsen, azonban egy idő múlva úgy tűnik, még ő is arra kényszerül, hogy feladja a nyomozást. A véletlenen múlik, hogy Reacher végül is hihetetlen logikával lépésről lépésre megfejti a gyilkosságok motívumát...', 24, 21, 'a-titokzatos-latogato.jpg', 0),
(51, ' A pozsonyi csata', 'Az első honvédő háború', 'Ahogy az Árpád nagyfejedelem vezette törzsi szövetség a Kárpát-medencét birtokba vette, rögtön gondoskodni kellett annak védelméről, elsősorban a velük nyugati irányból határos keresztény frankok ellenséges magatartása miatt...A nyugati kereszténység kezdettől kártékony, pogány nemzetet látott a magyarságban, kisebb hányada dicső hőstettnek vélte volna, ha a magyarokat kereszténnyé tehetik, mások azonban a maradéktalan kiirtásukban látták az egyedüli megoldást... A frank gyermek király, Lajos, aki hallgatva a főpapságra, beleegyezett abba, hogy Kr. u. 907 nyarán, három oszlopban óriási hadsereg induljon a magyarok földjére, hogy egyszer s mindenkorra letöröljék őket a föld színéről... A gyermek király dekrétumot adott ki, amelynek legfontosabb kitétele egyben a hadjárat legfőbb célja: Ugros eliminandos esse! , azaz:  A magyarok megsemmisítendők!Árpád nagyfejedelemnek egyetlen választása maradt: ha felveszi a kesztyűt...Ismerje meg Ön is, miként készült már fel évekkel a támadás', 25, 20, 'pozsonyi-csata.jpg', 0),
(52, 'Tatárjárás ', 'Dzsingisz szürke szolgálója', 'Az 1200-as esztendőkben Dzsingisz kán már megalakította birodalmát, és terjeszkedni készül. Világhódító tervének megvalósításában egyedülálló kémhálózat segíti, melynek egyik láncszeme, egy szürke szolgáló azt a feladatot kapja, hogy kalmárként települjön le II. András Magyarországán\r\n\r\n', 25, 20, 'tatarjaras-dzsingisz.jpg', 0),
(53, 'Tanár úr kérem', '', 'Az 1916 óta számtalan kiadást megélt Tanár úr kérem ez alkalommal több más Karinthy-humoreszkkel kiegészítve jelenik meg. A minden generáció \"kötelező olvasmányává\" lett novellafüzér darabjai az idők során klasszikussá nemesedtek, a Magyarázom a bizonyítványom egyes mondatai - \"Ez nem hármas, ez kettes, csakhogy az osztályfőnök úr olyan furcsán írja a kettest\" - szállóigévé váltak. És bizony furcsán néznek arra, aki nem tudja, hogy ki is az a Steinmann grófnő... Hát kérem szépen, először is: ez még nem végleges bizonyítvány ez csak afféle lenyomat, amit ideiglenesen kiosztottak nekem. Hogy ma van a féléves bizonyítványnap, az nem jelent semmit.', 26, 30, 'tanar-ur-kerem.jpg', 1),
(54, 'így írtok ti', '', 'Karinthy legismertebb, legnépszerűbb műve mindmáig az Így írtok ti. Ez a mű hozta meg számára az ismertséget, ezzel a könyvével aratta első igazi, nagy sikerét. A kávéházi játékokból, nemzedéktársainak kigúnyolásából alakult karikatúrasorozat idővel tudatos enciklopédiává bővült, s nemcsak a magyar szerzők arcképcsarnoka teljesedett ki, hanem világirodalmi és műfaji tematikával is gazdagodott. Máig ható sikerének titka, hogy Karinthy a célba vett írói egyéniség egész karakterét, az alkotói modor és modorosság torzképét rajzolta meg. Kötetünk a Még mindig így írtok ti méltán híres gyűjteményén túl a korabeli lapokban megjelent közlések legjobb gúnyrajzait is tartalmazza.', 26, 25, 'igy-irtok-ti.jpg', 0),
(55, 'A kőszívű ember fiai', '', '1869-ben, tehát a kiegyezés után két évvel írta Jókai e regényt. Élményanyagul saját, eltörölhetetlen és egyre fényesedő emlékein kívül - ilyen akár a közelről látott bécsi forradalom, akár a Boksa Gergő alakjához hasznosított Rózsa Sándor - felhasznált leírt és elmesélt élményeket is, amelyeket főleg az 1860-61-ben mozgalommá szélesedő honvédemlékgyűjtés közben szedett össze. A szakirodalom természetesen igen sokat foglalkozott az író ezen sikeres és külföldön is igen kedvelt regényével. Eszerint a Jókai életének legfőbb élményforrását képező forradalom és szabadságharc mitológiai fenségű ábrázolását sikerült összeegyeztetnie a kor társadalmi életének fő ellentmondásait szerencsésen sűrítő családi bonyodalomrajzában.', 29, 23, 'a-koszivu-ember-fiai.jpg', 1),
(56, 'Bori vásárolni megy ', 'barátnőm, bori', 'Bori, Anya és Jakab vásárolni megy. Anya listája nagyon hosszú. A boltban Bori saját bevásárlókocsit kap, a zöldségesnél pedig csupa finomságot kóstolhat meg. A könyvesboltban választhat magának könyvet, és végül teljesen egyedül mehet a pékhez kenyeret vásárolni.', 27, 7, 'bori-vasarolni-megy.jpg', 0),
(57, 'Bori a tanyán', 'barátnőm, bori', 'Bori az óvodai szünetet egy tanyán tölti, ahol tyúkok, nyulak, tehenek és malacok élnek. Ott lakik Bori új barátnője, Annika is, aki szívesen megmutatja a kislánynak a birtokot és annak minden lakóját. Végül az is kiderül, honnan jön a tej, amit Bori olyan szívesen iszik reggelente.', 27, 7, 'bor-a-tanyan.jpg', 0),
(58, 'Vérszagra gyűl', 'Anno domini 1241', 'A tatárjárás (1241-42) Magyarország történelmének egyik legnagyobb pusztítása nemzeti tragédiaként került be a történetírásba és a köztudatba. A legújabb kutatások ugyanakkor arra is engednek következtetni, hogy a tragédia nem volt olyan nagy mértékű, mint eddig hittük. A dúlás után hazatérő IV. Béla bár megfogyatkozott, de semmiképpen sem megtört népet talált a Kárpát-medencében. Magyarország hadereje olyannyira erős maradt, hogy a király a \"második honalapítás\" mellett agresszív, terjeszkedő külpolitikát, többfrontos hadjáratokat folytatott. Országunk a tatárjárás iszonyata után is a térség meghatározó nagyhatalma maradt. Urbánszki László IV. Béla uralkodásának ezt a második, tatárjárás utáni, küzdelmekkel teli korszakát örökíti meg regénysorozatában. Hősei a kor híres vagy hírhedt alakjai mellett esendő mindennapi emberek, akik erővel és ravaszsággal szállnak szembe a rájuk törő ellenséggel. ', 28, 25, 'verszagra-gyul.jpg', 0),
(59, 'A nyughatatlan', '', 'Bengedúz, a tizenhárom éves kis nomád egy számára rettentően unalmas világban él családjával a pusztán: juhokat őriz, a harcot tanulja. Hiába bizonygatják neki, hogy a kegyetlen bánásmód csupán a kemény pusztai életre készíti fel neki egészen más elképzelései vannak a jövőről, mint a birkaszagú, kietlen vidéken küszködni napról napra.Így hát elhatározza: megszökik, s a könnyű boldogulást ígérő város, Buda felé veszi az irányt.Ez a világ azonban mégsem annyira egyhangú, mint a fiú hitte \r\n visszatért belé a varázslat. Csakhogy ez a varázslat nem szemkápráztató csodákat, inkább veszélyeket és ármánykodást rejt.Bengedúz kalandos, nehézségekkel teli út után csöppen Buda nyüzsgő, színes kavalkádjába, ahol egy fondorlatos varázsos, Shakur szövögeti nagyratörő terveit. Bár a kis nomádot csupán a gyors meggazdagodás érdekli  vagy legalábbis, hogy végre jól teletömhesse a hasát , minduntalan boszorgányokba és csatlósaikba botlik, s akarva-akaratlanul fontos szereplőjévé válik az összeesküvés', 28, 25, 'a-nyughatatlan.jpg', 0),
(60, 'Örök ölelés ', 'mesék az örökbefogadásról', 'Ez a mesekönyv elsősorban azoknak a kisgyerekeknek (és szüleiknek, rokonaiknak, barátaiknak) szól, akiket örökbe fogadtak. A mese kapaszkodót nyújthat a legkisebbeknek, hogy megértsék, feldolgozzák saját élettörténetüket, választ kapjanak a nyugtalanító kérdésekre. A közös olvasás segíthet, hogy megtalálják helyüket a világban, és erősödjön a biztonságérzetük.Ezek a mesék nem mutatnak be minden élethelyzetet, nem adnak mindenre magyarázatot, azonban arra alkalmasak, hogy beszélgetésre ösztönözzenek. Minden szülő kiegészítheti és továbbírhatja a történeteket.Az örökbefogadás folyamatának sok szereplője van, de a főszereplője feltétlenül a gyermek.', 6, 7, 'orok-oleles.jpg', 0),
(61, 'Mókus regő', '', NULL, 6, 7, 'mokus-rego.jpg', 0),
(62, 'Az arany ember', '', 'Az aranyember mindmáig Jókai legnépszerűbb alkotásai közé tartozik. Szerzőjének is kedvence, becézettje, mégis mintha magányosan állana testvérei között. Tímár Mihály mintha csak tagadása volna a korábbi héroszoknak, de legfőképpen Berend Ivánnak. Jókait itt is a maga korának - az 1870-es éveknek - új embertípusa, a vállalkozó foglalkoztatja, de már kiábrándultan tekint rá, pályáját meghasonlásba vivőnek találja. A regény azért is hat immár egy évszázada változatlan erővel olvasóira, mert a szerelmi élet és ösztönvilág felnagyított, kisarkított alaplehetőségeit tárja fel.\r\n\r\n', 29, 20, 'az-arany-ember.jpg', 1),
(63, 'Megszállás', '', 'A sci-fi magyar klasszikusa új regényében azt feszegeti: mi lenne, ha a Földet napjainkban Idegenek szállnák meg? Olyan könyörtelen, vérszomjas hódítók, akik miután lerabolták saját bolygójukat valahol az Univerzumban, most a földi vízre, levegőre és aranyunkra vetnek szemet, hogy ezek segítségével regenerálják otthonukat.A hódítók egyetlen nap alatt megszállják az egész Földet, elvágják az áram- és energiaforrásokat. A Föld lakosságának egy részét kiirtják és megkezdik a sajátos zsákmány begyűjtését. Fogy a levegőnk, a vizünk, és semmit sem tehetünk, hogy megvédjük magunkat? Úgy, hogy megszakadt a kapcsolat az országok, a földrészek, a szervezetek és intézmények között, az emberek magukra maradva néznek szembe az éhséggel, betegségekkel, a kipusztulás nagyon is valós rémképével? A regény lapjain megelevenednek a mai politikai szereplők, látjuk, hogyan reagál az amerikai elnök, a német kancellárasszony, a francia elnök.', 7, 17, 'megszallas.jpg', 0),
(64, 'Atlantisz törvénye', '', 'Napjainkban az Andokban kilenc fiatal kutató araszol fel az egyik hegyre. Vajon mindnyájukat csak a tudományos kíváncsiság űzi az indián múmiákat rejtő barlangba? Lehet, néhányan nem kutatók elsősorban, hanem az amerikai titkosszolgálat megbízásából Atlantiszba akarnak eljutni? És el is jutnak!Hogyan tudta meg az Egyesült Államok egyik szerve, hogy Atlantisz ma is létezik, a földalatti fejlett világ és a mi huszonegyedik századi világunk között rengeteg szál szövődött, és miért figyeli mindezt oly feszülten Oroszország? Milyen emberek hát azok, akik több tízezer évvel előttünk kezdték a fejlődést és mára hihetetlen messzeségbe jutottak? Miért nem engedi Atlantisz, hogy behatoljunk világába  és mi mindenre képes, hogy ezt megakadályozza?Erről szól az izgalmas kalandregény, amely másféle, nem kevésbé fontos kérdéseket is felvet.', 7, 4, 'atlantisz-torvenye.jpg', 0),
(65, 'Az ellopott század', '', 'A walesi herceg már négy napja nem ment ki a kapun, mert rongyos volt a nadrágja. Nem a jó megjelenés szabályait becsülte ennyire, hanem inkább attól tartott, hogy a káplár, akitől nagyon félt, kihallgatásra küldi és két hét celullebüntetésre terjeszti fel. Őfensége azonban nem szerette a magánzárkát, különösen a százlábúak kevéssé vonzó társasága miatt.Lacroix főhadnagy megszökik hogy eltűnt barátját felkutassa. Elfogják, lefokozzák és kitaszítják a légióból, de javíthatatlan, újra beáll mint közlegény, majd ismét megszökik. Ez alkalomból legénye lop egy század katonát. Az őket üldöző gyarmati hadsereg ellenére eljutnak a Szahara túlsó végére, ahol egy eltűnt barát és egy bújkáló oázis rejtélyére egyaránt fény derül', 8, 25, 'az-ellopott-szazad.jpg', 0),
(66, 'A fekete kapitány', '', 'Gyanús, gyanús, fölötte gyanús. De persze, pont a Fekete Kapitány ne legyen gyanús. És pont az ne legyen gyanús, hogy egy olyan írónak, mint Rejtő Jenő  P. Howard halála után majd 50 évvel még mindig kerülnek elő szinte ismeretlen művei. Mondom gyanús, fölötte gyanús.Nekünk azonban nem kell Fülig Jimmy módjára vég nélküli töprengésekbe merülnünk vajon kavarja, vagy nem kavarja mert van biztos támpontunk. Az a fordulatos meseszövés és az az egyéni stílus, amelyek már ezekben a korai írásaiban is elárulják a későbbi P. Howardot. Akinek tehát gyanús az ügy  olvassa el a könyvet, s rögtön elszáll e gyanú, mert így írni valóban csak egyvalaki tudott Rejtő Jenő.', 8, 25, 'a-fekete-kapitany.jpg', 0),
(67, ' A mágia útjai', '', 'Az írónő három legkedvesebb, Írországban játszódó története:MegbabonázvaMindörökkéAz álmok birodalmábanNora Roberts gyönyörűen meséli el a legendákat, behatóan ismeri Írországot és az ott élő, sodróan szenvedélyes embereket. Egyre jobbak és jobbak az írásai (Millwaukee Journal Sentinel). Most egy kötetben gyűjtve jelenik meg ez a három, a mágiáról, szerelemről, és ennek az elragadó országnak a szépségéről szóló kisregénye  bizonyságul, hogy a New York Times első számú bestsellerírónője valóban mestere a hivatásának (People).A Megbabonázva című történetben egy gyönyörű nő ezer évig tartó bűbájt bocsát álmai férfijára  és ezzel olyan rémálmot szabadít el, amivel csak a szerelem veheti fel a harcot A Mindörökké egy bájos lány utazását meséli el egy másik világba  és megjelenik benne egy jóképű művész is, aki képes átalakítani a szerelem erejét. Az álmok birodalmában egy fiatal lány kerül kapcsolatba egy idegen férfi múltjával  és az átokkal, ami mindörökre saját álmai csapdájába', 9, 16, '9789634265467.jpg', 0),
(68, 'A szív útjai ', '', 'Három klasszikus szerelmi történet a New York Times sikerszerzőjétől, Nora Robertstől:MA ESTE ÉS MINDEN ESTE Amikor az elismert antropológusnő elvállalja, hogy segít egy írónak a készülő regényét megírni, nem is gondolja, hogy a közös munka milyen szenvedélyes együttműködéshez vezet VAN VÁLASZTÁSOD Egy nemzetközi csempészhálózat veszélyes csapdába csalja a szép régiségkereskedőt és a New York-i zsarut, miközben a férfi és a nő egymás rabjaivá válnak ÚJRAKEZDÉS. Két washingtoni televíziós riporter próbálja megvédeni a szerelmét az egyéni becsvággyal és a hírnévvel járó veszélyektől', 9, 16, '9789634265443.jpg', 0),
(69, 'Liber mortis', '', 'Volt egyszer egy Szobotka Tibor, aki találkozott egy vidéki lánnyal, és boldogan éltek, míg meg nem halt. A mese nincs tovább. Senki nem írta meg soha, mi történt aztán a királynéval, hogy a férjét eltemette.Szabó Magda megírta a mese folytatását. Férje, szerelme, írótársa halála után három hónappal, 1982. május 25-én kezdte, és 1990. február 27-én tette ki a pontot az utolsó mondat végére. Az írás a gyászmunka része, az életben maradás eszköze volt számára, csak így dolgozhatta fel a feldolgozhatatlant: nem lehet másképp kibírni, csak ha írok.A Liber Mortis gyötrelmes, megrendítő belső monológ és képzeletbeli párbeszéd Szobotka Tiborral, hiszen Szabó Magda hitt az e világ és a túlvilág közti átjárásban. Harmincnégy együtt töltött, minden megpróbáltatása és viszontagsága ellenére gyönyörű évet idéz fel, ezt siratja, ezt könyörgi vissza. Képtelen megbékélni azzal, hogy mindez egyszer s mindenkorra véget ért. Írásainak minden szavából, sorából süt a fájdalom, az eltűnt idő nyomába ér', 10, 20, 'liber-mortis.jpg', 0),
(70, 'Csigaház', '', 'Mindmáig az irodalmárok és az olvasók is úgy tudták, hogy Szabó Magda költőként kezdte pályáját, és első prózai műve a 1957-ben megjelent Freskó című regény volt. Most azonban újra kell írni a magyar irodalomtörténetben a Szabó Magda életéről és munkásságáról szóló fejezetet. A hagyatékból ugyanis előkerült egy fehér dosszié, s abból két szürke kockás borítójú füzet. Rajtuk a cím: Csigaház, az évszám: 1944 és az SzM szignó.S hogy mit rejt a két füzet? Egy kisregényt, amely 1939-ben játszódik, Bécsben. Egy zaklatott fiatal lány érkezik a Csigaház nevű panzióba. Júlia Budapestről menekült az osztrák fővárosba, régi ismerőséhez, a panzió tulajdonosnőjéhez. Odahaza megrázó élményben volt része: a vártnál korábban hazatérve a családi villába, rajtakapta fiatal mostohaanyját, Dollyt és szeretőjét, Dorner András ügyvédet, apjának, az országos hírű sebészprofesszornak a barátját. Júlia felháborodása és kétségbeesése annál is nagyobb, mert ő azt hitte, hogy Dorner az ő kedvéért jár a házhoz.', 10, 25, 'csigahaz.jpg', 0),
(71, 'Tökmagok a tűzhányón', '', 'Benő, Minka, Rézi és Palkó egy kitörni készülő vulkán tetejére pottyannak Tökmag apóvarázslatától. Megismerkednek egy VULKANOLÓGUSsal is, majd egész közelrőlmegfigyelhetik a vulkánkitörést!A Most én olvasok!-sorozat elindításával a Pagony régi vágya teljesült: egy szisztematikusanfelépített, pedagógusi szakértelemmel megtámogatott kortárs, magyar olvasni tanulok-sorozatot építünk.A Pagony legkiválóbb szerzői öt-öt könyvet írnak, öt különböző nehézségi szinten, melyekközül az első nagybetűs kötet. A történetek lazán összefüggnek egymással, de természetesenönállóan is olvashatók.', 11, 7, 'tokmagok-a-tuzhanyon.jpg', 0),
(72, 'A lengemesék állatai', '', 'A Lenge Mini-sorozat kötetei a Lengemeséket szerető családok legkisebbjeinek szólnak.Ismerd meg a Lengemesék állatszereplőit!Tudd meg, hol élnek, mit szeretnek enni, kikkel barátkoznak! Mesélj róluk te is!', 11, 7, 'a-lengemesek-allatai.jpg', 0),
(73, 'Bánk Bán', '', 'A történelmi dráma számos kérdést és problémát vet föl: a nemzeti gondoktól a magánéletig. Úgy tűnik föl, másfél évszázad távolából, e halhatatlan remekmű legfőbb kérdése erkölcsi: van-e joga a törvényre fölesküdöttnek megszegni a törvényt? Ráadásul úgy, hogy a törvény megszegése egy emberi élet kioltását is magában hordozza! A jellegzetes magyar történelmi szituáció a 13. században egyetemes érvényű kérdést vet föl: a körülmények és a tett morális összefüggését. Igazi dráma sehol a világon ennél többet nem tehet!', 30, 20, 'bank-ban.jfif', 1),
(74, 'Jönnek! ', 'Adjátok vissza a hegyeimet!', 'A két összetartozó regény egy kötetben jelenik meg a díszkiadás negyedik köteteként. Az 1940-ben írt Jönnek! azt a két hetet öleli fel, amely a második bécsi döntés eredményének  Észak-Erdély visszacsatolásának  nyilvánosságra kerülése és a magyar csapatok Szolnok-Doboka vármegyébe való bevonulása között telt el. Ez a tizennégy nap az ottani magyarság számára talán nehezebben, kínosabb lassúsággal vánszorgott, mint az azt megelőző huszonkét, kisebbségi sorban végigtengődött esztendő. A várakozás feszült napjai alkalmat adnak a falu, Vasasszentgothárd lakóinak  magyaroknak és románoknak , hogy átgondolják a sanyarú múltat és a lehetséges, biztató jövőt; hogy számot vessenek az elkövetett bűnökkel és az elszenvedett sérelmekkel, ki-ki a maga korábbi és reménybeli helyzete, illetve erkölcsi fölfogása szerint. Vibráló érzések pontos lekottázása adja a feszes cselekményű, izgalmas epizódokkal tűzdelt helyzetjelentés drámai hangulatát, katartikus tanulságait. A rablóhordákra emlékeztető', 12, 25, 'adjatok-vissza-a-hegyeimet.jpg', 0),
(75, 'Farkasverem', '', 'Egy kötetben jelenik meg Wass Albert két első műve, ezúttal az eredeti első kiadások szövege szerint. A magyar regényirodalom évtizedekig rejtett értéke volt a Farkasverem, amely először 1934-ben jelent meg, és amelyért szerzője Baumgarten-díjat kapott. A különöshangulatú, különc figurákat fölvonultató műaz 1920-as évek végén, Erdélyben, a Mezőség kopár és álmosító tájain játszódik.A szerző legendás első kötete mindmáig a legnagyszerűbb körkép a több évszázados elszigeteltségben élő erdélyi Mezőség életéről és egyben a trianoni nemzetcsonkulás után felnövekvő ifjúság lélektani pontossággal megrajzolt szomorú és hiteles ábrázolása.De mennyire író írta! Tamási Áron hangja mellett ma a legbiztatóbb üzenet Erdélyből  írta a Nyugat 1940-ben a frissen megjelent Csaba regényről, mely most először jelenik meg Magyarországon a szerző 1981-es előszavával, amit az amerikai kiadás elé írt Wass Albert. De olvassuk tovább a Nyugat sorait: Milyen szomorú regény, már az első kortyban ezt érezzük', 12, 25, 'farkasverem.jpg', 0),
(76, 'Gondolin bukása', '', 'Gondolin, a rejtett város titkát hosszan őrzik annak lakói, ám Morgoth végül alattomban kikémlelteti az odavezető utat, és hatalmas seregével elpusztítja a várost. De vajon ki menekül meg végül, és hol kezdenek új életet a túlélők? A Gondolin bukása megjelenése friss világszenzáció, magyarul most lát először napvilágot Gálvölgyi Judit fordításában. A kötetet Alan Lee csodálatos festményei illusztrálják.J. R. R. Tolkien (18921973) angol író, filológus; legismertebb művei A Gyűrűk Ura és A hobbit, valamint a Középfölde-mitológiával kapcsolatos egyéb írásai.', 13, 25, 'godlin-bukasa.jpg', 0),
(77, 'A hobbit', '', 'Amikor kellemes, minden becsvágy nélküli életéből, meghitt föld alatti otthonából Gandalf, a mágus és egy csapat törp elragadja, Bilbó, a hobbit igazi kaland kellős közepébe csöppen: betörési szakértőként kell segédkeznie a kincs visszaszerzésében, amitől Smaug, a nagy és veszedelmes sárkány fosztotta meg egykor a Hegymély Királyát. Noha egy porcikája sem kívánja a kellemetlen megbízatást, Bilbó maga is lépten-nyomon meglepődik tulajdon ügyességén és leleményességén! A kalandok során már itt felbukkan a titokzatos varázserővel rendelkező gyűrű, amely Tolkien világában később is kiemelt szerepet fog játszani J. R. R. Tolkien saját gyermekeinek írta ezt a meseregényt, de 1937-es megjelenésekor azonnal óriási sikert aratott. Később megszületett a monumentális folytatás is, és azóta a világ két részre oszlik: azokra, akik már olvasták A hobbitot és A Gyűrűk Urát, és azokra, akik ezután fogják elolvasni őket. (Sunday Times)', 13, 4, 'a-hobbit.jpg', 0),
(78, 'Piros mesekönyv', 'A világ legszebb meséiből', 'Benedek Elek születésének 150. és halálának 80. évfordulója alkalmából a Scolar Kiadó különleges mesesorozattal tiszteleg a mesemondók mesemondója előtt. A sorozatban Elek apó leghíresebb válogatását, a világ legszebb meséit összegyűjtő Csodalámpa négy kötetét: az Arany, Ezüst, Kék és Piros mesekönyvet adtuk ki.A színes és fekete-fehér képek igazi mesevilágba, a tündérek, pillék, mesemanók és fehér paripás királyfiak csodaországába repítik persze meseszőnyegen  a gyerekeket. Az Arany, az Ezüst és a Kék mesekönyv illusztrációit, tipográfiáját Kapala Györgyi képzőművész készítette. A gyermeki fantáziát igazi szárnyalásra készteti a klasszikus-titokzatos mesekönyvek világát felidézni kívánó kötet, mely vállaltan törekszik mind tartalmában, mind küllemében szemben úszni az árral: nem csilli-villi, rágógumi szagú könyvet, hanem igazi értéket kell adni már kisgyermekkortól.', 14, 7, 'a-piros-konyv.jpg', 0),
(79, 'Arany mesekönyv', 'A világ legszebb meséiből', '\"Benedek Elek születésének 150. és halálának 80. évfordulója alkalmából a Scolar Kiadó különleges mesesorozattal tiszteleg a mesemondók mesemondója előtt. A sorozatban Elek apó leghíresebb válogatását, a világ legszebb meséit összegyűjtő Csudalámpa négy kötetét: az Arany, Ezüst, Kék és Piros mesekönyvet tervezzük kiadni. Az Arany mesekönyv illusztrációit, tipográfiáját Kapala Györgyi képzőművész készítette. A színes és fekete-fehér képek igazi mesevilágba, a tündérek, pillék, mesemanók és fehér paripás királyfiak csodaországába repítik  persze meseszőnyegen  a gyerekeket. A gyermeki fantáziát igazi szárnyalásra készteti a klasszikus-titokzatos mesekönyvek világát felidézni kívánó kötet, mely vállaltan törekszik mind tartalmában, mind küllemében szemben úszni az árral: nem csilli-villi, rágógumi szagú könyvet, hanem igazi értéket kell adni  már kisgyermekkortól.\"', 14, 7, 'arany-mesekonyv.jpg', 0),
(82, 'Párizsi vasárnapok', '', 'Párizsba nem akkor érkezik meg az ember, mikor leszáll az állomáson, sem pedig, mikor megfájdul nyaka a Louvre-ban, s beáll szemei mögött az a megalázó képtárémelygés, mely a civilizáció egyik legutálatosabb kísérő tünete. Egy kissé megérkezik, mikor rágyújt az első cigarettára. Mikor először megy néhány lépést egy nő után. Mikor a pincér először teszi egy vendéglőben eléje az étlapot.Márai Sándort élethosszig tartó, ellentmondásos kapcsolat fűzte Párizshoz. Fiatalkorában öt évet élt itt, majd többször is visszatért a francia fővárosba. Nagy hatással volt rá a város szellemisége, ugyanakkor kritikusan figyelte, hogy minden nyitottsága ellenére sem fogadja be az idegeneket. Itt vált újságíróvá; Párizs cikkeket, majd regényeket inspirált. Könyvünkben ezekből a hol szeretetteljes, hol aggódó vagy éppen ostorozó és kiábrándult hangú szövegekből válogattunk.', 15, 25, 'parizsi-vasarnapok.jpg', 0),
(83, 'Szindbád hazamegy', '', '-', 15, 25, 'szinbad-hazamegy.jfif', 0);
INSERT INTO `konyv_profil` (`kp_id`, `konyv_cime`, `alcim`, `kp_leiras`, `iro_id`, `mufaj1`, `kp_kep`, `kotelezoolvasmany`) VALUES
(84, 'Légy jó mindhalálig', '', 'A Légy jó mindhalálig (1920) egyik legszebb regénye Móricznak, s talán legtöbbet forgatott műve. Fiatalok és idősek egyaránt szívesen olvassák vagy olvassák újra. Szinte részévé vált életünknek, mindenki megismerkedett vele gyermekkorában. A gyorsan múló idő, a tovatűnő ifjúság ellenére kitörölhetetlenül nyomot hagy bennünk Nyilas Misi sorsa, a debreceni kollégium, a könyv teljes világa. A remekművek titka a lélek legmélyén keresendő: a Légy jó mindhalálig a mindenkiben meglévő vagy megbújó jóra való törekvés álmát és valóságát idézi meg s üzen könyörtelen hadat a jóra való restségnek... Az írót ért igazságtalanságok Nyilas Misi sorsában fogalmazódnak meg. És amit a kisdiák annyi méltatlan szenvedés után szeretne, hogy emberiség tanítója legyen, azt akarja végül is Móricz minden sorával. A valóság ábrázolásán, sorsok és érzések felejthetetlen fölmutatásán túl a nagy író életművének egyetlen mondatban összefoglalható üzenete minden embernek és minden magyarnak: légy jó mindhalálig!', 31, 25, 'legy-jo-mindhalalig.jfif', 1),
(85, 'A tükör előtt', 'Egy kamasz monológja', 'Janikovszky Éva kamaszmonológját folyóiratból, filmes feldolgozásból ismerjük, de könyvben még nem látott napvilágot. Kárpári Tibor színes képeskönyve feleleveníti és egyben tovább is gondolja Réber László rajzi világát.', 16, 7, 'tukor-elott.jpg', 0),
(86, 'Aranyeső', '', '-', 16, 7, 'aranyeso.jpg', 0);

-- --------------------------------------------------------

--
-- Tábla szerkezet ehhez a táblához `mufaj`
--

CREATE TABLE `mufaj` (
  `mufaj_id` int(11) NOT NULL,
  `mufaj_nev` text NOT NULL,
  `mufaj_leiras` text NOT NULL,
  `mufaj_kep` text NOT NULL DEFAULT '\'.png\''
) ENGINE=InnoDB DEFAULT CHARSET=utf8;

--
-- A tábla adatainak kiíratása `mufaj`
--

INSERT INTO `mufaj` (`mufaj_id`, `mufaj_nev`, `mufaj_leiras`, `mufaj_kep`) VALUES
(1, 'Chick lit', 'A chicklit vagy chick lit egy modern irodalmi műfaj, a női lét kérdéseivel foglalkozik szórakoztató, gyakran humoros formában.\n', 'chicklit.png'),
(2, 'Dark Fantasy', 'Fantasy horror elemekkel vegyítve, illetve lazább kategorizálás szerint a sötétebb, negatív hangvételű fantasy műfajok is ide tartoznak. A végkifejlet ritkán pozitív.\r\n', 'darkfantasy.png'),
(3, 'Disztópia', 'A disztópia egy társadalom víziója, mely ellentétes az utópiával. Gyakran negatív jövőképet mutat. A disztopikus társadalmakban gyakran az életkörülmények nyomorúságosak, a szenvedés, a szegénység, az elnyomás, az erőszak, járványok és szennyeződések jellemzik.\r\n', 'disztopia.png'),
(4, 'Fantasy', 'A Fantasy fő jellemzője, hogy a tartalma többnyire olyan elképzelt, mitikus jellegű, valamilyen tekintetben mindig irreális, az író által teremtett, csak annak fantáziájában létező alternatív világokba, mint keretbe van ágyazva, mely felépítésében, fizikai és etikai törvényeiben, értékeiben, élőlényeiben, rokonságot mutat a vallások és mítoszok által megteremtett képzeletbeli világokkal.\r\n', 'fantasy.png'),
(5, 'Filozófia', 'A filozófia a világegyetem, a természet, az élet okával és céljával, a történelemben érvényesülő rendezőelvvel, a tudás és megismerés lehetőségével, a szépség, művészet és nyelv mibenlétével, a jogi-politikai normák természetével, a cselekedetek helyes vagy helytelen mivoltával, Isten és a transzcendencia létével foglalkozó tudományág.\r\n', 'filozofia.png'),
(6, 'Horror', 'A horror olyan irodalmi műfaj, amelynek középpontjában a félelem áll. Habár alapvetően irodalmi művekről van szó, megjelenhet más ágazatokban is, melyek közül a legtipikusabb a film.\r\n', 'horror.png'),
(7, 'Ifjúsági ', 'Az gyermek- és ifjúsági irodalom a gyermekek, a komolyabb művek befogadására még éretlen fiatalok számára írt, az ő igényeiket kielégítő szépirodalmi művek összessége. A gyermekirodalom alkalmazott irodalom is. Gyermek, ill. ifjú főhőse van a legtöbb gyermekirodalmi műveknek.\r\n', 'ifjusagi.png'),
(8, 'Krimi', 'A krimi vagy bűnügyi regény az epika (elbeszélő irodalom) egy népszerű tematikus műfaja, amely a bűntények felderítésével, elkövetésük bemutatásával, illetve lélektani indítóokaik vizsgálatával, valamint a bűnözők, nyomozók („detektívek”) és bűnügyi rendőrök világával foglalkozik.\r\n', 'krimi.png'),
(9, 'Lányregény', 'Fiatal lányok olvasókörének szánt érzelmes, kedves, romantikus, ugyanakkor gyermeteg alkotások.\r\n', 'lanyregeny.png'),
(10, 'Napló', 'Napló – naponként (vagy meghatározatlan időközökben) készített magánjellegű feljegyzések sorozata.\r\n', 'naplo.png'),
(11, 'New Adult', 'Az ifjúsági irodalom felső határa, amikor a főszereplő, már nem tinédzser, de még nem középkorú (19-25 éves), nagy változás zajlik le a életében, többször komoly tragédia áll a történet hátterében.\r\n', 'newadult.png'),
(12, 'Novella', 'A novella a szépirodalomhoz tartozó kisepikai műfaj. Általában egy szálon fut, és egyetlen sorsfordulat köré épül. Legtöbbször kevés szereplő jelenik meg benne. Lezárására jellemző a csattanó.\r\n', 'novella.png'),
(13, 'Paródia', 'Mai értelmében egy többnyire közismert mű, műfaj, zenemű, előadó komikus hatású utánzása, ironizálása szórakoztató céllal. És lehet parodizálni jelenségeket, eseményeket is. Továbbá a szerző akár önmagát is parodizálhatja.\r\n', 'parodia.png'),
(14, 'Posztapokaliptikus', 'Egy látomásszerű világkép, melyben egy világméretű katasztrófa zajlott le és emiatt a világ megváltozott. Ez a katasztrófa utáni állapot legtöbbször negatív, baljós és sivár.\r\n', 'posztapokaliptikus.png'),
(15, 'Pszichothriller', 'A thriller jegyeit hordozza magán, de a középpontban mindig egy olyan pszichopata áll, akitől a hideg futkos a hátunkon.\r\n', 'pszichothriller.png'),
(16, 'Romantikus', 'Olyan alkotások, amelyekben a felfokozott életérzés kifejezése, a reményvesztettség, a csalódás, a világfájdalom vagy éppen az ezzel ellentétes forradalmi hevület és lángoló életöröm van jelen.\r\n', 'romantikus.png'),
(17, 'Sci-fi', 'A sci-fi az angol science fiction kifejezés. Jelentése: tudományos-fantasztikus. A tudományos-fantasztikus mű olyan irodalmi alkotás, mely legtöbbször valódi vagy képzeletbeli tudományoknak a társadalomra, vagy egyes egyénekre gyakorolt hatását mutatja be. Ezeknek a műveknek a közös jellemzői, hogy zömében egy lehetséges jövőben játszódó képzeletbeli történetek.\r\n', 'scifi.png'),
(18, 'Steampunk', 'Elem a steampunkban az elképzelt technológiai vívmányok és találmányok szerepeltetése\r\n', 'steampunk.png'),
(19, 'Szatíra', 'Jellemzője, hogy a valóság komikus-ironikus ábrázolására törekszik. Ábrázolási módszerei között szerepel az arányok megváltoztatása, a kicsinyítés, a nagyítás, a túlzás.', 'szatira.png'),
(20, 'Szépirodalmi', 'Az irodalomban olyan történetek, színdarabok és költemények összessége, amelyek művészeti alkotásként határozhatók meg.\r\n', 'szepirodalmi.png'),
(21, 'Thriller', 'A thriller az angol „thrill” szóból jön, ami borzongást jelent. Ennek megfelelően az ismeretlentől való félelmet idézi fel. Többnyire igaz a műfaj szereplőire, hogy megéreznek egy bizonyos bajt, mely fenyegeti őket, de sokáig nem szembesülnek azzal – ahogy a néző sem –, ezzel jön létre a kívánt feszültség, izgalom a nézőben.\r\n', 'thriller.png'),
(22, 'Tragédia', 'A tragédia valami szomorú történetet dolgoz fel, ami többnyire rosszul végződik és tanulságot foglal magába.\r\n', 'tragedia.png'),
(23, 'Történelmi', 'Régi korokban játszódó történetek, amik nem feltétlenül a régi korokban íródtak.\r\n', 'tortenelmi.png'),
(24, 'Urban Fantasy', 'Hasonlít a történelmi fantasyhoz, de mai korban játszódik, ahol a mágia és/vagy a mitikus lények többé-kevésbé titokban jelen vannak.\r\n', 'urbanfantasy.png'),
(25, 'Regény', 'A regény rendszerint hosszabb időszakot felölelő, szerteágazó cselekményű, számos szereplőt (fő- és mellékszereplőket) bemutató mű, az epika vezető műfaja. A mű középpontjában egy történet áll. Formája elsősorban próza, korábbról ismerünk azonban verses regényeket is. Jellemzője a nagy (több száz, esetenként több ezer oldalas) terjedelem.[1] A regények – fajtájuk, témájuk, és nem utolsósorban szerzőjük képességének függvényében – változatos arányban állítják fókuszba magát a cselekményt, a fizikai és társadalmi környezetet, az egyes szereplők érzés- és gondolatvilágát, illetve a jellemek fejlődését. Röviden: Regény: Epikai műfaj, hosszú terjedelmű, sok szereplőjű. A cselekménye több szálon fut, melyeket epizódok szakíthatnak meg. Ezek a szálak a tetőpontban találkoznak.', 'regeny.png'),
(26, 'Szakácskönyv', 'A szakácskönyv konyhai alapanyagok (húsok, zöldségek, gyümölcsök, gabonafélék, tészták, fűszerek stb.), főzési módszerek és technológiák, valamint gasztronómiai receptek leírását tartalmazó, gyakran gazdagon illusztrált gyűjtemény.', 'szakacskonyv.png'),
(27, 'Életmód', 'Jellemző tevékenységek; az általában végzett elfoglaltságok, szokásos cselekvések', 'eletmod.png'),
(28, 'Dráma', 'Irodalmi műnem, alapvetően párbeszédekre (dialógusokra) épülő, többnyire színházi előadásra szánt irodalmi alkotások (drámák, drámai művek, illetve színművek) összefoglaló elnevezése.', 'drama.png'),
(29, 'Oktató, ismeretterjesztő', 'Valamilyen témában próbál ismeretet átadni.', 'oktato.png'),
(30, 'Humoreszk', 'A humoreszk prózai kisepikai műfaj. Fő jellemvonása a karcolatszerű, rövid terjedelem és az ennek megfelelő, fő vonásokra redukált kidolgozás, valamint a könnyed, kedélyesen derűs hangulatú humor. A 19. századi, klasszikusnak nevezett válfajára az anekdotikus elemek a jellemzőek.', 'humoreszk.png'),
(31, 'Kalandregény', 'A kalandregény egy olyan regénytípus, amelyben a történet középpontjában a főszereplő kalandos helyzetei, megpróbáltatásai vagy hőstettei állnak.', 'kaland.png');

-- --------------------------------------------------------

--
-- Tábla szerkezet ehhez a táblához `roles`
--

CREATE TABLE `roles` (
  `id` int(11) NOT NULL,
  `name` varchar(255) COLLATE utf8_hungarian_ci DEFAULT NULL,
  `createdAt` datetime NOT NULL,
  `updatedAt` datetime NOT NULL
) ENGINE=InnoDB DEFAULT CHARSET=utf8 COLLATE=utf8_hungarian_ci;

--
-- A tábla adatainak kiíratása `roles`
--

INSERT INTO `roles` (`id`, `name`, `createdAt`, `updatedAt`) VALUES
(1, 'user', '2020-08-02 14:57:31', '2020-08-02 14:57:31'),
(2, 'moderator', '2020-08-02 14:57:31', '2020-08-02 14:57:31'),
(3, 'admin', '2020-08-02 14:57:31', '2020-08-02 14:57:31');

-- --------------------------------------------------------

--
-- Tábla szerkezet ehhez a táblához `tag_profil`
--

CREATE TABLE `tag_profil` (
  `tp_id` int(11) NOT NULL,
  `tp_email` text NOT NULL,
  `tp_jelszo` text NOT NULL,
  `tp_felhasznalonev` varchar(15) NOT NULL,
  `tp_nev` text NOT NULL,
  `tp_lakcim` text NOT NULL,
  `tp_profkep` text NOT NULL DEFAULT '.jpg',
  `admin` tinyint(1) NOT NULL DEFAULT 0,
  `kedvenc_m1` int(11) DEFAULT NULL,
  `kedvenc_m2` int(11) DEFAULT NULL,
  `kedvenc_m3` int(11) DEFAULT NULL
) ENGINE=InnoDB DEFAULT CHARSET=utf8;

--
-- A tábla adatainak kiíratása `tag_profil`
--

INSERT INTO `tag_profil` (`tp_id`, `tp_email`, `tp_jelszo`, `tp_felhasznalonev`, `tp_nev`, `tp_lakcim`, `tp_profkep`, `admin`, `kedvenc_m1`, `kedvenc_m2`, `kedvenc_m3`) VALUES
(1, 'ostrom252@gmail.com', '123456789', 'FUKUNEPTUN', 'Boros Levente', '-', 'FUKUNEPTUN.png', 1, 7, 4, 17),
(2, 'ewrewr', 'ewrewr', '', 'ewrewrewr', 'ewrewr', '\'.jpg\'', 0, 10, 11, 9);

-- --------------------------------------------------------

--
-- Tábla szerkezet ehhez a táblához `users`
--

CREATE TABLE `users` (
  `id` int(11) NOT NULL,
  `username` varchar(255) COLLATE utf8_hungarian_ci DEFAULT NULL,
  `email` varchar(255) COLLATE utf8_hungarian_ci DEFAULT NULL,
  `password` varchar(255) COLLATE utf8_hungarian_ci DEFAULT NULL,
  `createdAt` datetime NOT NULL,
  `updatedAt` datetime NOT NULL
) ENGINE=InnoDB DEFAULT CHARSET=utf8 COLLATE=utf8_hungarian_ci;

--
-- A tábla adatainak kiíratása `users`
--

INSERT INTO `users` (`id`, `username`, `email`, `password`, `createdAt`, `updatedAt`) VALUES
(1, 'user', 'user', '$2a$08$gXM4pyuhZFlC72PeAwxrUOR0uA31/d2PdgnHP35JGV.0bQNiZBatS', '0000-00-00 00:00:00', '0000-00-00 00:00:00'),
(2, 'mod', 'mod', '$2a$08$gXM4pyuhZFlC72PeAwxrUOR0uA31/d2PdgnHP35JGV.0bQNiZBatS', '0000-00-00 00:00:00', '0000-00-00 00:00:00'),
(3, 'admin', 'admin', '$2a$08$97Ze1/hXfOX44WdC62Rq8uRkog9HYC1HukRX8eld2ZEKPyenM5v.G', '2020-08-02 15:03:59', '2020-08-02 15:03:59');

-- --------------------------------------------------------

--
-- Tábla szerkezet ehhez a táblához `user_roles`
--

CREATE TABLE `user_roles` (
  `createdAt` datetime NOT NULL,
  `updatedAt` datetime NOT NULL,
  `roleId` int(11) NOT NULL,
  `userId` int(11) NOT NULL
) ENGINE=InnoDB DEFAULT CHARSET=utf8 COLLATE=utf8_hungarian_ci;

--
-- A tábla adatainak kiíratása `user_roles`
--

INSERT INTO `user_roles` (`createdAt`, `updatedAt`, `roleId`, `userId`) VALUES
('0000-00-00 00:00:00', '0000-00-00 00:00:00', 1, 1),
('2020-08-02 15:04:00', '2020-08-02 15:04:00', 1, 3),
('0000-00-00 00:00:00', '0000-00-00 00:00:00', 2, 2),
('0000-00-00 00:00:00', '0000-00-00 00:00:00', 2, 3),
('2020-08-02 15:04:00', '2020-08-02 15:04:00', 3, 3);

--
-- Indexek a kiírt táblákhoz
--

--
-- A tábla indexei `iro_profil`
--
ALTER TABLE `iro_profil`
  ADD PRIMARY KEY (`iro_id`);

--
-- A tábla indexei `kolcsonzes`
--
ALTER TABLE `kolcsonzes`
  ADD PRIMARY KEY (`k_id`),
  ADD KEY `kp_id` (`kp_id`,`tp_id`),
  ADD KEY `tp_id` (`tp_id`);

--
-- A tábla indexei `konyv_profil`
--
ALTER TABLE `konyv_profil`
  ADD PRIMARY KEY (`kp_id`),
  ADD KEY `iro_id` (`iro_id`),
  ADD KEY `mufaj1` (`mufaj1`);

--
-- A tábla indexei `mufaj`
--
ALTER TABLE `mufaj`
  ADD PRIMARY KEY (`mufaj_id`);

--
-- A tábla indexei `roles`
--
ALTER TABLE `roles`
  ADD PRIMARY KEY (`id`);

--
-- A tábla indexei `tag_profil`
--
ALTER TABLE `tag_profil`
  ADD PRIMARY KEY (`tp_id`),
  ADD KEY `kedvenc_m1` (`kedvenc_m1`,`kedvenc_m2`,`kedvenc_m3`),
  ADD KEY `kedvenc_m2` (`kedvenc_m2`),
  ADD KEY `kedvenc_m3` (`kedvenc_m3`);

--
-- A tábla indexei `users`
--
ALTER TABLE `users`
  ADD PRIMARY KEY (`id`);

--
-- A tábla indexei `user_roles`
--
ALTER TABLE `user_roles`
  ADD PRIMARY KEY (`roleId`,`userId`),
  ADD KEY `userId` (`userId`);

--
-- A kiírt táblák AUTO_INCREMENT értéke
--

--
-- AUTO_INCREMENT a táblához `iro_profil`
--
ALTER TABLE `iro_profil`
  MODIFY `iro_id` int(11) NOT NULL AUTO_INCREMENT, AUTO_INCREMENT=32;

--
-- AUTO_INCREMENT a táblához `kolcsonzes`
--
ALTER TABLE `kolcsonzes`
  MODIFY `k_id` int(11) NOT NULL AUTO_INCREMENT, AUTO_INCREMENT=11;

--
-- AUTO_INCREMENT a táblához `konyv_profil`
--
ALTER TABLE `konyv_profil`
  MODIFY `kp_id` int(11) NOT NULL AUTO_INCREMENT, AUTO_INCREMENT=87;

--
-- AUTO_INCREMENT a táblához `mufaj`
--
ALTER TABLE `mufaj`
  MODIFY `mufaj_id` int(11) NOT NULL AUTO_INCREMENT, AUTO_INCREMENT=32;

--
-- AUTO_INCREMENT a táblához `tag_profil`
--
ALTER TABLE `tag_profil`
  MODIFY `tp_id` int(11) NOT NULL AUTO_INCREMENT, AUTO_INCREMENT=3;

--
-- AUTO_INCREMENT a táblához `users`
--
ALTER TABLE `users`
  MODIFY `id` int(11) NOT NULL AUTO_INCREMENT, AUTO_INCREMENT=14;

--
-- Megkötések a kiírt táblákhoz
--

--
-- Megkötések a táblához `kolcsonzes`
--
ALTER TABLE `kolcsonzes`
  ADD CONSTRAINT `kolcsonzes_ibfk_1` FOREIGN KEY (`kp_id`) REFERENCES `konyv_profil` (`kp_id`),
  ADD CONSTRAINT `kolcsonzes_ibfk_2` FOREIGN KEY (`tp_id`) REFERENCES `tag_profil` (`tp_id`);

--
-- Megkötések a táblához `konyv_profil`
--
ALTER TABLE `konyv_profil`
  ADD CONSTRAINT `konyv_profil_ibfk_1` FOREIGN KEY (`mufaj1`) REFERENCES `mufaj` (`mufaj_id`),
  ADD CONSTRAINT `konyv_profil_ibfk_4` FOREIGN KEY (`iro_id`) REFERENCES `iro_profil` (`iro_id`);

--
-- Megkötések a táblához `tag_profil`
--
ALTER TABLE `tag_profil`
  ADD CONSTRAINT `tag_profil_ibfk_2` FOREIGN KEY (`kedvenc_m1`) REFERENCES `mufaj` (`mufaj_id`),
  ADD CONSTRAINT `tag_profil_ibfk_3` FOREIGN KEY (`kedvenc_m2`) REFERENCES `mufaj` (`mufaj_id`),
  ADD CONSTRAINT `tag_profil_ibfk_4` FOREIGN KEY (`kedvenc_m3`) REFERENCES `mufaj` (`mufaj_id`);

--
-- Megkötések a táblához `user_roles`
--
ALTER TABLE `user_roles`
  ADD CONSTRAINT `user_roles_ibfk_1` FOREIGN KEY (`roleId`) REFERENCES `roles` (`id`) ON DELETE CASCADE ON UPDATE CASCADE,
  ADD CONSTRAINT `user_roles_ibfk_2` FOREIGN KEY (`userId`) REFERENCES `users` (`id`) ON DELETE CASCADE ON UPDATE CASCADE;
COMMIT;

/*!40101 SET CHARACTER_SET_CLIENT=@OLD_CHARACTER_SET_CLIENT */;
/*!40101 SET CHARACTER_SET_RESULTS=@OLD_CHARACTER_SET_RESULTS */;
/*!40101 SET COLLATION_CONNECTION=@OLD_COLLATION_CONNECTION */;
